Flight_Number,Lead_Pilot,Scenario_within_flight,Scenario_Type,Autonomy_Config,Num_Tactical_Comms,Correct_Sort,Num_CMs,Lead_Altitude_Deviation_Count,Wingman_Altitude_Deviation_Count,Lead_Altitude_Deviation_Integrated_ft_s,Wingman_Altitude_Deviation_Integrated_ft_s,Proportion_CMs_Intercepted,CM1_Interceptor Role,CM1_Time_to_Intercept_s_from_start,CM1_MOP_Time_to_Intercept_s,CM1_MOP_Time_to_Consent_s,CM1_Airspeed_Diff_at_Intercept_kt,CM1_Heading_Diff_at_Intercept_deg,CM1_Altitude_Offset_at_Intercept_ft,CM1_Distance_from_CM_at_Intercept_nm,CM1_Aspect_at_MELD_Range_deg,CM2_Interceptor Role,CM2_Time_to_Intercept_s_from_start,CM2_MOP_Time_to_Intercept_s,CM2_MOP_Time_to_Consent_s,CM2_Airspeed_Diff_at_Intercept_kt,CM2_Heading_Diff_at_Intercept_deg,CM2_Altitude_Offset_at_Intercept_ft,CM2_Distance_from_CM_at_Intercept_nm,CM2_Aspect_at_MELD_Range_deg,CM3_Interceptor Role,CM3_Time_to_Intercept_s_from_start,CM3_MOP_Time_to_Intercept_s,CM3_MOP_Time_to_Consent_s,CM3_Airspeed_Diff_at_Intercept_kt,CM3_Heading_Diff_at_Intercept_deg,CM3_Altitude_Offset_at_Intercept_ft,CM3_Distance_from_CM_at_Intercept_nm,CM3_Aspect_at_MELD_Range_deg,CM4_Interceptor Role,CM4_Time_to_Intercept_s_from_start,CM4_MOP_Time_to_Intercept_s,CM4_MOP_Time_to_Consent_s,CM4_Airspeed_Diff_at_Intercept_kt,CM4_Heading_Diff_at_Intercept_deg,CM4_Altitude_Offset_at_Intercept_ft,CM4_Distance_from_CM_at_Intercept_nm,CM4_Aspect_at_MELD_Range_deg,CM5_Interceptor Role,CM5_Time_to_Intercept_s_from_start,CM5_MOP_Time_to_Intercept_s,CM5_MOP_Time_to_Consent_s,CM5_Airspeed_Diff_at_Intercept_kt,CM5_Heading_Diff_at_Intercept_deg,CM5_Altitude_Offset_at_Intercept_ft,CM5_Distance_from_CM_at_Intercept_nm,CM5_Aspect_at_MELD_Range_deg,Proportion_SAMs_Identified,SAM1_Time_to_ID_s,SAM2_Time_to_ID_s,SAM3_Time_to_ID_s,SAM4_Time_to_ID_s,SAM5_Time_to_ID_s,SAM6_Time_to_ID_s,SAM7_Time_to_ID_s,SAM8_Time_to_ID_s,SAM9_Time_to_ID_s,SAM10_Time_to_ID_s,Scenario_Duration_s,Avg_SAM_ID_Time_s
2,Grimmer,1,C,HH,16,Y,5,1,0,0.2471759050710432,0.0,1.0,Lead,115.983,56.845,5.844,51.55099999999999,2.5731278504718205,52.78884459746951,0.9097369127272876,159.39116587241324,Wingman,170.996,74.253,2.51,45.636,16.858940766730058,101.61635864119124,0.7215892738494489,163.95869710086183,Lead,275.285,64.48,0.516,48.655,39.492441072010365,247.68796577997816,0.5580758710571466,160.7559887072709,Wingman,335.865,52.274,5.384,43.339,1.1694856346657332,50.84155610317612,0.5184618201109925,140.0636934286381,Lead,359.433,69.531,2.232,42.691,-42.367532132807696,11.50664110307298,0.3911192074612412,80.29934683581263,1.0,9.176,13.209,6.88,17.973,8.792,,,,,,359.433,11.206
2,Grimmer,2,C,HA,5,Y,5,0,0,0.0,0.0,1.0,Lead,153.425,42.795,3.027,36.76400000000001,-35.53986308452269,99.36795211747084,0.6800094504946632,147.83618073348305,Wingman,158.427,44.802,0.394,30.654,-3.249983594360799,8.820428170696687,0.6490519627172292,133.68104248114292,Lead,310.881,44.453,10.753,29.579000000000008,-20.167956871870672,46.04142240251349,0.7930549118914303,159.89703469512136,Wingman,326.532,66.704,7.097,30.32400000000001,-24.676262842743967,56.84751725565911,0.6480787526677984,129.3509761829231,Lead,394.624,94.496,0.532,39.94200000000001,-29.706329780194864,160.47917545876226,0.8733865534079499,31.497742562370888,1.0,11.274,14.916,7.791,11.979,21.98,20.973,,,,,394.624,14.818833333333332
2,Grimmer,3,D,HA,6,Y,6,0,3,0.0,1.3247912031415894,0.3333333333333333,Wingman,172.288,67.621,6.013,51.832,26.15679704600734,328.2738976873625,0.9646914680023446,158.4674033471561,Lead,249.384,71.886,1.922,43.816,2.60586165438076,41.14966345154608,1.4704564907309272,117.21866040858087,,,,,,,,,,,,,,,,,,,,,,,,,,,,1.0,16.176,8.969,16.072,4.973,7.973,12.71,,,,,422.991,11.145499999999998
3,Grimmer,1,C,AH,13,Y,5,0,4,0.0,4.921886559487305,1.0,Lead,137.43,76.574,2.543,9.122000000000014,24.521039545612386,43.66983128927859,1.1174787651156155,167.77328104000856,Wingman,145.52,55.224,5.023,5.931999999999988,-21.868838761338598,252.040917745544,1.2640981716199235,169.63440700259696,Wingman,303.499,34.8,3.3,40.02699999999999,27.10635068394697,172.3944536165236,1.1445053082041678,101.35186407566464,Lead,365.594,37.11,2.378,49.535,-26.06892175564917,41.81486132757891,1.512639431279399,49.9785893514136,Lead,433.398,32.249,3.45,47.64099999999999,-37.27588469005383,88.00878378550078,1.2573556308593334,78.0920141097526,0.8571428571428571,19.304,12.027,11.258,11.471,6.746,12.425,30.0,,,,433.398,14.747285714285715
3,Grimmer,2,C,AA,5,Y,5,6,0,11.97720118151131,0.0,0.8,Wingman,149.832,41.228,1.339,20.352000000000004,9.518465800342454,34.66021709551933,0.5728688381260381,145.696563752345,Lead,167.419,76.168,0.237,9.402999999999992,26.57415470684876,414.5666782391436,1.0284311872481613,166.55606353861975,Lead,336.927,76.814,1.215,27.59899999999999,23.96554751518352,432.6713725009704,1.0848322460003512,167.45695573092326,Lead,402.719,57.441,7.344,15.62299999999999,-19.037749865326106,502.03464248715136,0.6512046238823885,44.07160748042634,,,,,,,,,,1.0,12.371,9.425,9.26,16.358,8.354,9.354,,,,,402.719,10.853666666666667
3,Grimmer,3,D,AA,5,Y,6,0,0,0.0,0.0,0.5,Wingman,167.012,58.016,0.922,48.53299999999999,27.36202283623902,17.66682709109591,1.0679651401273698,155.32351101872536,Lead,281.422,46.167,7.868,29.322000000000003,-4.514903158740879,273.1107892549444,0.8090648576151167,139.09411684628276,Wingman,379.196,59.904,0.297,52.06399999999999,-29.220199795208543,14.744170357847906,0.7633030536843181,156.50347361345564,,,,,,,,,,,,,,,,,,,1.0,4.059,12.36,9.363,8.374,11.353,10.342,,,,,419.509,9.3085
1,Fleischmann,1,C,HH,21,Y,5,3,5,1614.516519780536,1.7905609976362538,0.8,Wingman,145.72,72.403,27.923,24.77600000000001,10.394208202831862,191.27039254132612,0.650416766624844,142.60020815531118,Lead,418.503,238.984,5.95,41.60400000000001,-8.847478401449138,1201.9816900454698,1.3825718061291563,63.5704353289799,Wingman,449.005,104.215,21.906,39.05000000000001,-0.0615733262903859,46.264657876377896,0.4835297415463471,147.2897634159527,Wingman,476.409,49.31,94.413,48.58099999999999,-101.5178020658975,306.9972513086359,1.0918915763673611,18.06038023945152,,,,,,,,,,0.1428571428571428,30.0,30.0,30.0,30.0,30.0,30.0,30.0,,,,476.409,30.0
1,Fleischmann,2,C,HA,5,Y,5,1,0,10.966582642175815,0.0,0.6,Wingman,141.147,37.421,5.612,22.870000000000005,31.44348715248401,69.52068213278108,0.6401643652542383,137.95929056349877,Wingman,348.33,76.507,14.821,-7.766999999999996,16.925097017846667,23.850645020489537,0.9008442061608848,143.2623849586995,Lead,471.022,43.728,2.963,65.16499999999999,38.36553167555721,270.5812785617891,0.8389496880210217,98.75069118028898,,,,,,,,,,,,,,,,,,,0.1428571428571428,30.0,30.0,30.0,21.789,30.0,30.0,30.0,,,,477.72,28.826999999999998
1,Fleischmann,3,D,HA,3,Y,6,4,0,38.95922905997985,0.0,0.3333333333333333,Wingman,276.047,63.202,22.206,2.1200000000000045,8.290657095521652,117.10870786273516,0.4583628934460906,126.83768140131924,Lead,276.609,96.147,14.545,55.49799999999999,-17.479494740935422,112.72698599443174,1.168949487219844,175.6427162028387,,,,,,,,,,,,,,,,,,,,,,,,,,,,0.0,30.0,30.0,30.0,30.0,30.0,30.0,,,,,381.94,30.0
1,Grimmer,1,C,HH,18,Y,5,3,9,82.92970771856501,298.98653782372094,0.6,Wingman,246.998,49.724,8.724,61.16900000000001,-27.304270607930704,301.72949604890164,1.4879896582546328,93.05255672205055,Lead,382.906,45.647,6.715,42.32499999999999,2.669263223424593,332.2566505859886,0.5998209782282445,150.28122928781943,Wingman,440.603,80.534,10.522,43.315,-3.817566060664405,121.61573036923072,1.031574586437978,148.30716862225563,,,,,,,,,,,,,,,,,,,0.5714285714285714,30.0,11.268,26.258,29.272,30.0,30.0,30.0,,,,440.603,26.68542857142857
1,Grimmer,2,D,HH,21,Y,6,3,2,65.88319895222345,8.812983858846284,0.3333333333333333,Wingman,157.326,53.117,5.122,21.81899999999999,12.812244856726268,192.36212551252535,1.1445373972538953,169.80538468966586,Lead,245.121,71.851,5.553,45.404,11.27272694900762,368.55414729102085,1.4213615686848604,134.90326678264034,,,,,,,,,,,,,,,,,,,,,,,,,,,,1.0,20.27,13.213,26.222,30.0,8.266,,,,,,390.761,19.5942
1,Grimmer,3,C,AA,3,Y,5,0,0,0.0,0.0,0.8,Wingman,190.308,41.518,4.203,23.920999999999992,-17.97948821193694,88.39694515356678,0.9229633073092856,128.41338395882246,Lead,283.404,34.968,1.671,35.13900000000001,-28.21652188237681,85.9220075420053,0.4818073798335819,162.1908238669888,Wingman,347.954,48.966,6.076,39.16,9.858426380416091,45.79701987249064,0.8742422727919867,138.48108897153838,Lead,348.905,43.006,5.674,22.099999999999994,-27.615873039690825,82.49169386339963,0.6139275712573629,88.01703085713899,,,,,,,,,,0.6666666666666666,30.0,21.162,30.0,10.266,21.263,17.272,,,,,348.905,21.660500000000003
2,Fleischmann,1,C,AH,16,Y,5,0,0,0.0,0.0,1.0,Wingman,142.501,35.626,0.424,48.26400000000001,-42.44043104446297,116.95452624447898,1.0248649512927712,179.5016842960714,Lead,152.392,67.029,24.83,3.842999999999989,-2.7384887887658635,25.17173732111405,0.7142125515546055,164.1241644936731,Wingman,294.802,49.011,6.917,43.48599999999999,2.8579877329418366,88.69661291387456,0.9965122186511304,174.04548514723575,Lead,320.604,47.979,12.746,7.497000000000014,-5.228896938067322,29.21019694521601,0.6166763083385414,178.63231311520644,Wingman,409.79,49.084,11.898,53.506,5.935786585950353,75.05232237253585,1.2410021741809978,71.88878776752719,1.0,30.0,27.168,14.067,30.0,18.166,14.16,,,,,409.79,22.260166666666667
2,Fleischmann,2,C,AA,4,Y,5,0,0,0.0,0.0,0.8,Lead,121.485,47.986,4.451,22.723000000000013,1.715480636527673,179.2379544277046,0.752524097022637,154.00707349950585,Wingman,182.182,95.612,26.702,1.179000000000002,7.275182557236803,1.4834362190231332,1.0417292619033964,155.89077259765287,Lead,305.367,34.204,3.438,34.149,43.73747036740736,2.964239679484308,0.97076462600053,137.34732361262795,Wingman,349.791,53.472,1.412,10.355999999999996,-25.42201115130419,74.63906177777972,0.5995872480023305,138.1689511383786,,,,,,,,,,1.0,10.953,28.511,30.0,11.047,22.782,,,,,,387.358,20.6586
2,Fleischmann,3,D,AA,5,Y,6,0,0,0.0,0.0,0.1666666666666666,Wingman,407.148,47.99,5.694,9.293000000000006,-14.288354145998454,117.24524293122886,0.5719695105696979,135.02097108571274,,,,,,,,,,,,,,,,,,,,,,,,,,,,,,,,,,,,,0.8333333333333334,16.071,15.08,30.0,13.081,30.0,21.079,,,,,433.641,20.885166666666667
2,Schnell,1,C,HA,8,Y,5,3,0,185.5457058761419,0.0,0.8,Wingman,150.073,51.352,0.387,-150.0,24.08537710306416,82.6070960884008,0.7959603873512072,145.24292392497347,Wingman,327.68,67.793,29.562,-150.0,-1.4034522443994888,49.29281012264073,0.5931079147172873,119.46447553382508,Lead,381.847,84.822,7.154,-150.0,-23.55110357363634,124.2628330443822,0.3970989768883383,169.61517851863414,Wingman,423.9,125.782,27.714,-150.0,8.062439847901516,33.100253761986096,0.8660279049961546,9.5950732506831,,,,,,,,,,0.1666666666666666,30.0,30.0,30.0,30.0,10.788,30.0,,,,,423.9,26.798000000000002
2,Schnell,2,C,AA,17,Y,5,0,1,0.0,9.419252320254072,0.8,Wingman,202.06,60.09,2.483,-150.0,-35.82463929944072,74.39807367870526,0.4781839550108538,135.18586633040775,Lead,348.63,35.166,5.167,-150.0,38.88295070204171,204.62299104020167,0.9277590015448576,134.19287262893477,Wingman,389.274,60.507,19.101,-150.0,0.6072759832423742,33.04203422546016,0.5307407752592931,137.38165215577249,Lead,419.875,55.18,2.215,-150.0,11.871658484437262,285.5271830145375,1.4426564060445737,35.90831988602176,,,,,,,,,,0.5,30.0,15.693,8.764,11.775,30.0,30.0,,,,,419.875,21.038666666666668
2,Schnell,3,C,AA,17,Y,5,0,1,0.0,9.419252320254072,0.8,Wingman,202.06,60.09,2.483,-150.0,-35.82463929944072,74.39807367870526,0.4781839550108538,135.18586633040775,Lead,348.63,35.166,5.167,-150.0,38.88295070204171,204.62299104020167,0.9277590015448576,134.19287262893477,Wingman,389.274,60.507,19.101,-150.0,0.6072759832423742,33.04203422546016,0.5307407752592931,137.38165215577249,Lead,419.875,55.18,2.215,-150.0,11.871658484437262,285.5271830145375,1.4426564060445737,35.90831988602176,,,,,,,,,,0.6666666666666666,30.0,30.0,30.0,30.0,30.0,30.0,,,,,419.875,30.0
3,Chan,1,C,AH,30,Y,5,1,0,22.1173549936816,0.0,1.0,Lead,170.432,70.599,4.068,10.967000000000011,19.081921062487368,11.1097728464174,0.4282107776791902,141.27430883433897,Wingman,182.718,65.714,4.308,0.2379999999999995,-32.32168077780125,15.04507948135324,0.9335163347196336,157.716989981611,Wingman,320.431,38.228,3.432,33.0,24.375305997473475,82.14701241860348,0.7110370311016572,132.00542365456124,Lead,342.546,46.585,0.816,45.77099999999999,-5.957379682311171,647.0818211271635,0.704510376865201,150.51863988314898,Wingman,420.007,54.982,4.102,7.9979999999999905,19.59971556893956,34.90250176493646,0.876507173879764,94.39954432353044,1.0,24.274,15.972,10.08,17.063,10.913,15.057,,,,,420.007,15.559833333333332
3,Chan,2,C,AA,5,Y,5,0,0,0.0,0.0,1.0,Lead,150.182,66.384,2.652,5.711999999999989,30.6379232094514,7.366226791551526,0.4820233226333709,162.48170826248293,Wingman,161.18,46.399,4.2,4.454000000000008,-5.759223469224509,177.45965559635624,0.5650329269310412,135.19623531791694,Lead,338.495,68.789,1.624,2.1200000000000045,22.410890518570117,20.57740561209357,1.0422349924095595,153.76828622500443,Wingman,347.925,62.045,3.64,-2.4509999999999934,-29.213620545232004,114.79127996053649,0.6245631419087779,128.409107789593,Lead,398.766,55.829,3.798,4.27000000000001,-11.651464099272944,214.76726940280787,0.6796916270554879,38.392861355468966,1.0,28.155,19.051,23.694,30.0,14.783,24.62,,,,,398.766,23.38383333333333
3,Chan,3,D,AA,7,Y,6,0,0,0.0,0.0,0.5,Wingman,189.396,64.915,2.618,28.99199999999999,37.773258523579415,12.071451828627689,0.8448475864901498,153.80477535849616,Lead,196.299,51.755,2.89,21.269000000000005,-27.888977597811163,358.4631755273731,0.9900820908439416,168.80554710010688,Lead,287.089,56.281,3.05,3.305000000000007,24.118663575407822,246.8123067112574,0.7023286165625895,111.67589146922091,,,,,,,,,,,,,,,,,,,1.0,17.983,13.198,7.77,18.783,13.775,20.579,,,,,397.86,15.347999999999999
2,Chan,1,C,HH,25,Y,5,0,4,0.0,117.09063579673362,0.8,Wingman,202.849,45.759,9.258,47.32300000000001,14.122489952555668,465.899176396626,0.3944600524733422,135.44503513307063,Lead,213.402,62.682,0.0,37.131,24.416106040880777,120.67416495475844,0.3908677860743249,178.559714715982,Lead,347.417,34.964,3.833,45.209,-43.74766765886139,206.6719898994488,1.0507892054080323,170.7880712252778,Wingman,391.808,91.916,4.72,36.33699999999999,46.32413951478367,63.45807263511233,0.897773857216664,134.34210508615513,,,,,,,,,,1.0,6.983,23.284,21.229,18.269,9.263,14.27,19.359,,,,460.79,16.09385714285714
2,Chan,2,C,HA,6,Y,5,5,0,176.07368374554045,0.0,0.8,Wingman,181.688,37.246,2.894,45.649,30.73602370843332,240.35408365442345,0.6161391456485007,123.1635453012724,Lead,182.112,65.814,0.98,45.38,25.66016812843836,523.9349200999259,0.247572956954427,172.3099352590196,Wingman,348.402,43.298,2.206,55.535,-1.360195242925727,196.21470741100893,0.527031987650935,131.1611672051228,Lead,354.114,70.42,2.588,58.737,23.0387574338215,64.85566371335517,1.4383240535056896,172.57417478529987,,,,,,,,,,0.8333333333333334,11.272,13.189,11.23,30.0,13.263,30.0,,,,,423.705,18.159000000000002
2,Chan,3,D,HA,8,Y,6,2,0,8.02559222119523,0.0,0.3333333333333333,Wingman,195.653,80.882,22.992,46.03999999999999,16.267193250363448,53.839356903255975,0.8898220303086978,147.1021166207442,Lead,272.774,119.174,3.744,58.88300000000001,-25.439417306044614,382.4854801031033,1.3873772288477213,168.41638306054756,,,,,,,,,,,,,,,,,,,,,,,,,,,,1.0,18.23,13.948,10.271,18.256,16.179,,,,,,379.974,15.3768
1,Schnell,1,C,HH,14,Y,5,2,0,269.79864660897084,0.0,0.8,Lead,240.438,131.96,68.767,53.67699999999999,-2.729259534250133,834.3950799177837,0.4350511102822691,163.54069995800194,Wingman,241.832,122.657,1.486,5.810000000000002,29.935865366386903,26.1930040468651,0.7510540668301321,125.2640907039439,Lead,411.946,37.181,5.682,84.77799999999999,-16.247955087029368,227.36138260283224,0.7427800516196785,117.69916354734175,Wingman,417.228,53.181,2.476,24.006,13.696194255908438,13.861242701195806,0.6980941855746423,135.64632811732662,,,,,,,,,,0.1666666666666666,30.0,30.0,26.389,30.0,30.0,30.0,,,,,422.531,29.39816666666667
1,Schnell,2,C,HA,4,Y,5,2,0,90.26518057928745,0.0,0.8,Lead,197.069,83.27,2.471,76.15100000000001,5.114839856771596,663.5844464349611,1.3561987875714967,169.02594514720238,Wingman,197.363,48.392,17.568,19.729000000000013,7.560672183777484,136.49355498681507,0.7762204525756509,123.57020735451772,Lead,359.069,36.277,5.411,55.792,-27.069681392630457,400.7563783405276,0.6202676863605031,103.48317885253256,Wingman,440.893,142.423,30.812,46.65100000000001,-2.030787350277961,122.23924296964832,0.3617282861800988,153.5851098383739,,,,,,,,,,0.1666666666666666,30.0,30.0,30.0,30.0,30.0,30.0,,,,,440.893,30.0
1,Schnell,3,C,AA,2,Y,5,0,0,0.0,0.0,0.8,Lead,184.032,39.056,6.09,40.53999999999999,34.32224285264704,347.8040053796958,1.1939621248161696,134.2553491880769,Lead,303.198,41.593,5.061,26.768,12.750650931526792,280.88629239854527,0.8310324959134202,147.71907374955538,Lead,393.133,84.029,11.992,-7.852000000000004,-16.537570026833862,173.60809347167924,0.7888294161907173,20.49811686203151,Wingman,402.586,189.245,1.263,-0.7160000000000082,15.05978479554551,82.40000115637304,0.2962177062311476,177.42972663287452,,,,,,,,,,0.0,30.0,30.0,30.0,30.0,30.0,30.0,,,,,402.586,30.0
1,Schnell,4,C,AH,14,Y,5,0,0,0.0,0.0,0.8,Lead,160.013,41.37,4.069,28.24700000000001,22.646335276504544,76.15564117109898,0.5393580993757564,141.75884189887984,Wingman,201.054,92.555,1.561,-4.150000000000006,32.803901143842154,50.24236588784333,0.4724934236958609,118.57574496283335,Wingman,364.703,39.198,6.399,38.304,24.06155119708748,30.367320866163936,0.9411952829749232,96.4265332788612,Lead,365.129,81.958,9.257,8.21799999999999,15.638737750154291,57.13466106440501,1.129635427890176,161.61274177132265,,,,,,,,,,0.5,30.0,30.0,10.485,25.046,30.0,30.0,,,,,422.731,25.921833333333336
1,Chan,1,B,HH,29,Y,5,2,0,52.42833315759759,0.0,1.0,Wingman,173.207,66.183,10.481,39.172,6.809127589158777,243.842275971263,0.7883649020384963,145.86349609321445,Lead,219.827,144.452,10.289,51.50200000000001,5.594427585354481,581.4083955517181,1.2922819697040442,157.64658295867275,Wingman,459.636,48.631,12.836,9.927999999999995,-2.9526463163928724,27.77002425140563,0.361146533230773,154.1567788972094,Lead,529.031,101.563,4.333,52.45500000000001,-0.483478325331788,457.2828804520868,1.384756529904256,136.22925079824853,Wingman,551.434,40.635,8.34,77.80000000000001,-36.2277976254062,100.27161245444768,1.1651254744645314,51.79083715212198,0.625,22.533,30.0,25.248,30.0,30.0,29.266,15.503,30.0,,,551.434,26.56875
1,Chan,2,C,HH,25,Y,5,2,0,133.06599838854876,0.0,1.0,Wingman,136.985,45.391,1.672,43.608,-1.4502882511225437,242.14965056961773,0.629749542397254,158.34348279540666,Lead,147.29,59.59,3.492,46.65100000000001,0.3916185516347639,442.59935757779385,1.3994859140453286,172.88712413014116,Wingman,289.954,50.146,6.757,37.131,-4.446279769113374,215.0566285738114,0.5054722554032809,126.5418045940604,Lead,365.259,113.364,13.592,44.219,14.400501920975104,213.26858196947975,1.327252998990169,170.31851496564957,Wingman,380.152,46.443,9.84,51.33099999999999,-6.59512019331396,142.88818789537982,1.2893669713268812,40.01999412602518,0.8,30.0,30.0,30.0,30.0,30.0,,,,,,380.152,30.0
1,Chan,3,D,HH,22,Y,6,1,1,66.27387971345507,18.346793930776585,0.1666666666666666,Wingman,172.648,69.834,4.726,47.372000000000014,36.18854865516613,136.25419954393146,0.7990994525158456,176.56229696640042,,,,,,,,,,,,,,,,,,,,,,,,,,,,,,,,,,,,,1.0,20.171,16.178,6.276,13.172,18.493,30.0,,,,,403.992,17.381666666666664
4,Chan,1,C,HH,18,Y,5,2,1,39.79160388398636,9.757534182651913,1.0,Lead,133.925,53.593,0.127,28.73599999999999,3.044465796877546,306.35814121485055,1.4402103061868077,176.86278629955063,Wingman,189.322,80.39,5.799,38.952,2.108861598530666,61.68293723899114,1.402320884301965,175.72332751978263,Lead,296.728,61.766,2.701,19.032999999999987,25.37781392539148,480.1462149523086,1.4356718090502445,175.83985005903742,Wingman,336.521,62.499,4.798,40.02699999999999,-13.235112132306313,465.95605700107626,1.3813834165816732,165.50881543008995,Lead,364.723,46.196,0.764,42.178,31.415762067307867,163.13438687994676,0.8883024486196079,78.67685453339726,1.0,12.27,12.569,28.572,19.58,9.57,,,,,,364.723,16.5122
4,Chan,2,C,HA,5,Y,5,0,0,0.0,0.0,0.4,Wingman,141.643,35.198,2.307,32.084,30.15267107660816,104.305986728672,0.6827006459810613,139.46658436944938,Wingman,295.539,44.192,6.896,14.877999999999986,4.194195270517213,21.045056837210723,0.6832114993324734,158.86467638250292,,,,,,,,,,,,,,,,,,,,,,,,,,,,1.0,12.428,8.141,17.573,29.564,13.563,30.0,,,,,449.538,18.544833333333333
4,Chan,3,D,AA,8,Y,6,0,0,0.0,0.0,0.3333333333333333,Lead,288.543,38.781,0.816,43.412000000000006,21.515447676859708,260.594327579538,1.1387171128180733,68.74805697296944,Wingman,380.934,32.318,2.554,27.452,42.025167238742426,99.6473513187684,0.5475285983815192,126.49812999022322,,,,,,,,,,,,,,,,,,,,,,,,,,,,1.0,17.561,10.561,11.24,10.414,15.556,9.428,,,,,417.469,12.46
2,McIntyre,1,D,HA,6,Y,6,4,0,210.9660890542666,0.0,0.5,Wingman,197.189,53.556,6.856,78.387,14.1781738990054,24.900377859976288,1.0943974711843996,137.8679699106758,Lead,227.744,33.379,2.346,52.18700000000001,31.405003268317103,792.1844917751223,1.4269926610720722,103.51972224309073,Lead,351.051,75.155,2.591,3.463999999999998,-31.359278402969665,414.6667604578524,1.040094563019582,109.93322000849456,,,,,,,,,,,,,,,,,,,1.0,1.478,0.774,3.783,22.774,12.783,1.748,,,,,423.957,7.223333333333333
2,McIntyre,2,D,AA,7,Y,6,0,0,0.0,0.0,0.5,Wingman,158.565,48.423,4.02,79.805,10.046623142324506,160.412465471436,0.8395858915488276,145.16936069400964,Lead,211.681,42.386,1.888,25.93700000000001,10.415075851847092,220.04237086374812,0.8194620403701595,154.6960162890844,Lead,331.739,70.914,0.081,-0.068000000000012,19.420579412842727,82.66984021808457,1.3503782451210051,132.59954158890253,,,,,,,,,,,,,,,,,,,1.0,2.856,0.353,30.0,5.774,2.361,6.266,,,,,392.933,7.935
2,Smith,1,D,HA,5,Y,6,2,2,365.5664363133652,56.420917102204925,0.3333333333333333,Wingman,209.134,61.026,3.498,59.09100000000001,26.505981209011907,133.89694150391188,0.7410510878006609,127.64403341830972,Lead,331.511,91.396,4.098,31.803,13.618743536834131,654.1066417900784,1.0547099031929956,129.97426223408775,,,,,,,,,,,,,,,,,,,,,,,,,,,,1.0,8.162,0.363,30.0,24.993,0.275,4.227,,,,,416.675,11.336666666666666
2,Smith,2,D,AA,5,Y,6,0,0,0.0,0.0,0.3333333333333333,Lead,212.966,43.433,5.033,35.480999999999995,4.943643131143347,209.94497235691412,0.740955136712974,150.74302036188914,Lead,336.389,74.457,2.355,10.649,22.22656367083164,26.56498659965291,1.3323081652352922,135.72956135841122,,,,,,,,,,,,,,,,,,,,,,,,,,,,1.0,2.259,0.055,0.965,22.974,15.962,3.868,8.957,,,,430.763,7.862857142857144
1,McIntyre,1,C,HH,17,Y,5,4,6,115.38376405726667,130.7357080535395,0.6,Wingman,178.378,81.979,20.887,10.429000000000002,-11.804753594984303,238.54496849780665,0.8726554686540119,148.32726231001118,Wingman,329.547,46.466,1.008,15.269000000000004,8.522548996583225,102.21632083679832,0.5462759581697988,129.9867890461777,Lead,332.477,41.157,3.824,14.534999999999997,-33.03672025713351,421.461571845497,0.4127711268866396,111.63000291947282,,,,,,,,,,,,,,,,,,,0.5714285714285714,30.0,10.494,13.492,30.0,12.497,30.0,30.0,,,,437.592,22.354714285714287
1,McIntyre,2,C,HA,8,Y,5,4,0,19.166980380666573,0.0,1.0,Lead,148.245,40.615,5.315,20.718999999999998,-43.63804529482709,482.3221190837649,0.5274736603672989,165.29401014729842,Wingman,163.252,52.644,6.051,27.879999999999995,-26.369484144430945,29.263267636612,0.3947245985697519,122.76802369902504,Wingman,358.505,88.237,0.799,-1.032999999999987,24.06516122293482,92.58302481262945,0.6296538577515777,127.05232316192934,Lead,407.209,118.354,8.156,-7.521999999999991,-48.96656455544604,287.38847777809497,0.7090162240914719,117.8567245112372,Wingman,416.596,42.186,7.205,-0.5320000000000107,30.678319545016564,61.13920456838969,1.1921468964195858,70.16081644025067,0.5,30.0,30.0,18.723,11.46,30.0,30.0,,,,,416.596,25.0305
1,McIntyre,3,C,AH,14,Y,5,0,14,0.0,74.01335832901407,1.0,Wingman,151.38,59.053,9.056,35.53,-30.976913099548085,422.252665804248,0.8038908637516843,151.69571401457614,Lead,175.231,86.237,1.972,29.19999999999999,21.51313937446457,195.7164795264725,1.1353391587908868,176.19495028564234,Wingman,309.521,46.7,5.2,36.691,30.121763164116288,312.6915172499321,0.6044432936331384,120.89807282322283,Lead,358.422,87.7,0.669,32.43799999999999,20.23935807838555,163.92715474441684,1.1584012272712076,157.853489609372,Wingman,409.942,44.014,10.215,22.49100000000001,25.613861736689103,377.088495273496,0.7437594900393554,65.33345519094627,0.8333333333333334,30.0,13.381,22.974,30.0,8.296,9.123,,,,,409.942,18.962333333333337
1,McIntyre,4,C,AA,7,Y,5,0,0,0.0,0.0,1.0,Lead,178.616,98.816,7.217,28.577,11.87150484651562,103.2201675276774,0.8330790252624667,172.02714268150584,Wingman,180.442,82.215,1.666,27.44,28.800754280540275,31.46719250915521,1.0142014363051706,153.5152914833135,Wingman,328.885,54.349,5.352,37.21700000000001,-20.57879776516989,8.213543644835227,0.383609802783804,145.83889403980663,Lead,368.224,91.429,1.864,36.05600000000001,24.709492336185438,20.91259604233892,1.256114491110904,158.61135603492244,Wingman,416.519,37.687,2.375,27.158999999999992,49.754394935441496,4.696840710606921,0.6935649790950975,78.10273265352299,0.8333333333333334,30.0,12.371,18.204,9.368,30.0,9.367,,,,,416.519,18.218333333333334
1,Smith,1,C,HH,14,Y,5,1,0,25.983946993123546,0.0,1.0,Lead,132.725,55.121,4.056,32.16999999999999,4.070547623312336,28.814183794265773,1.44241243301976,160.14006978937448,Wingman,185.963,74.637,9.17,-11.995000000000005,-11.366604573656817,11.555690115521427,0.3965069803783629,166.05150585720804,Lead,291.456,49.023,5.058,29.774,-9.947799790244003,134.0795285502154,1.2181909522397498,173.20518938512885,Wingman,375.965,97.028,23.469,22.795999999999992,1.6461547416020608,296.1252427978761,1.0245028611103513,138.6242690781853,Lead,399.169,58.403,1.304,34.96799999999999,-10.135991386309795,217.9930817392324,1.4647765638785324,19.637423068176304,0.8333333333333334,30.0,12.998,30.0,21.065,7.962,30.0,,,,,399.169,22.004166666666663
1,Smith,2,C,HA,5,Y,5,0,0,0.0,0.0,0.8,Lead,125.205,42.491,1.192,40.50399999999999,-18.008779931347277,179.77511334180963,0.8922898672112967,179.22718008830782,Lead,297.899,50.223,2.425,49.72999999999999,-6.647448673473036,209.7746494787698,1.1887546023744529,177.56447840212604,Wingman,326.008,58.321,0.0,40.137,-37.49687146718446,46.2326344525136,0.1086342338874877,129.65659040164542,Lead,387.409,46.401,4.602,63.51499999999999,-11.325665780424911,488.5402120010822,1.3306420376208294,16.801389249552074,,,,,,,,,,1.0,7.667,8.064,30.0,6.035,10.08,6.83,,,,,387.409,11.446
1,Smith,3,C,AH,18,Y,5,0,0,0.0,0.0,0.8,Wingman,157.0,57.407,7.207,9.646999999999991,5.114329943295076,65.06362560345042,0.7435600702709593,159.52060171675674,Lead,224.22,149.064,75.864,38.15799999999999,45.139891735499816,144.57123676457013,1.7840532205092734,176.47928097405816,Wingman,334.169,46.672,5.672,37.082,34.00517351900609,41.71835847068724,1.2556527647307532,89.84857328023793,Wingman,414.61,42.116,6.412,55.90199999999999,10.47979202239901,161.35391912414343,1.3766045256756665,39.538638863844966,,,,,,,,,,1.0,11.677,6.075,11.948,6.07,8.065,16.051,,,,,419.198,9.981
1,Smith,4,C,AA,6,Y,5,0,0,0.0,0.0,1.0,Wingman,152.001,43.816,2.223,26.926999999999992,4.592588575741814,200.9576813762669,0.6792716065940013,138.6490250702485,Lead,159.598,84.496,5.866,27.66,18.302272733054338,33.610869575482866,1.125658640877123,172.83285360293604,Wingman,302.113,42.338,3.746,31.583,2.4875911802577093,177.90497000824143,0.5209320117315764,128.05964734598683,Lead,326.028,39.967,3.601,41.59100000000001,14.16633273187574,229.1672608939607,0.8257498305938056,138.8948545648352,Lead,386.809,47.549,5.915,22.90600000000001,13.091013159706904,90.57995856729212,0.6252460980818665,27.342063512273,0.8,7.051,16.674,5.951,24.758,30.0,,,,,,386.809,16.8868
3,Jacob,1,D,HA,5,Y,6,3,0,229.1770855232056,0.0,0.3333333333333333,Lead,235.411,40.48,2.514,26.78,36.87752668477691,636.7682509014812,1.224912170264736,140.40183471929322,Lead,385.089,109.593,5.734,59.32300000000001,-3.252556235161478,539.2229838273561,1.3710892640212418,109.53528060480846,,,,,,,,,,,,,,,,,,,,,,,,,,,,1.0,3.77,3.467,5.468,10.469,1.469,5.47,,,,,391.691,5.018833333333333
3,Jacob,2,D,AA,7,Y,6,0,1,0.0,146.08939669657713,0.3333333333333333,Lead,228.298,64.506,0.841,8.742999999999995,-23.691655172949996,93.64940674254468,0.5750383528904356,130.68017941386404,Lead,371.596,72.038,0.872,4.698000000000008,21.1248851516296,145.05083415762238,1.1086463596657996,155.5502861271657,,,,,,,,,,,,,,,,,,,,,,,,,,,,1.0,11.454,5.366,4.014,26.357,21.364,,,,,,381.99,13.711000000000002
2,Jacob,1,C,HH,24,Y,5,1,2,60.23004169463034,13.97085336898012,1.0,Lead,142.326,34.215,1.751,31.264999999999983,-36.22557056018417,71.22148495021975,1.055272863950623,138.65587966409896,Wingman,156.67,54.743,11.392,32.292,-19.095168644681134,198.68145401582296,0.5294493146671568,171.0898446592679,Lead,281.01,38.826,4.203,21.53800000000001,-38.42257593566143,339.85970132791954,1.1555782022459766,178.5712708692999,Wingman,308.603,54.03,3.917,17.516999999999996,-24.14179809924542,11.836839045274246,0.5244258667380025,177.9844705749042,Lead,340.1,63.293,1.959,9.133999999999986,35.98371150343394,246.10407977537037,0.6787301056747344,28.807099291849,0.8,19.341,11.47,30.0,11.573,8.341,,,,,,340.1,16.145
2,Jacob,2,C,HA,5,Y,5,2,0,33.53051541201913,0.0,0.6,Wingman,158.212,44.692,0.082,36.935,-3.026538209952264,273.16696871830754,0.7263297085084075,126.82964321846195,Wingman,323.212,61.991,5.288,26.914999999999992,-31.16285845135445,135.44531138044658,0.5314500125824863,130.13168474060285,Lead,356.012,53.981,4.822,21.941000000000003,3.4996183755515915,364.0833045196741,0.992664179713363,71.63543888379837,,,,,,,,,,,,,,,,,,,0.6,30.0,11.329,16.475,20.467,30.0,,,,,,356.012,21.6542
2,Jacob,3,C,AH,20,Y,5,0,3,0.0,18.810578488213327,1.0,Wingman,161.012,59.213,1.325,24.28700000000001,-30.69522276777647,222.65422354664952,1.1138464095469467,139.9197480606523,Lead,172.225,85.428,1.364,20.38900000000001,17.658343661993115,69.37230460682258,1.063704096944872,175.8741080919574,Wingman,310.932,49.434,4.838,33.404,23.86686714606995,305.2320739358511,0.2904408351839577,151.88973858940506,Lead,355.827,88.399,3.536,33.489000000000004,21.746307878868866,58.8721634923968,1.3543835144442469,158.55280798100955,Lead,416.116,62.657,4.859,11.663999999999987,-11.38490162788844,186.7284121747707,0.6200432629883407,42.50753612411864,1.0,10.452,15.469,10.469,13.936,9.547,14.281,,,,,416.116,12.359000000000002
2,Jacob,4,C,AA,6,Y,5,5,0,55.90050176161415,0.0,0.8,Wingman,160.779,39.725,1.913,18.812999999999988,1.7749864999722718,64.51229550981589,0.5707672922646744,123.72346571823198,Lead,165.687,78.09,2.028,20.742999999999995,23.75213909845374,463.2560486906805,1.1394703306358471,171.0040459164395,Lead,349.58,81.791,3.992,23.982,21.01103414689726,446.1561549981852,1.1872349511011282,155.67037250842367,Lead,407.408,59.221,6.223,10.943000000000012,-13.71913483948748,540.5800018943919,0.5660067336254946,41.565563407313874,,,,,,,,,,0.8333333333333334,8.462,10.477,12.466,11.477,24.476,30.0,,,,,407.408,16.226333333333333
1,Jacob,1,A,HH,4,Y,4,1,0,930.9420636174444,0.0,0.5,Lead,313.85,62.301,6.869,54.24000000000001,-8.623844859286123,1576.1316979378134,0.7160437662825103,90.0946378238312,Wingman,365.213,172.607,124.308,45.30600000000001,10.109902322607924,246.512043203933,0.6343097852884032,165.57404300538445,,,,,,,,,,,,,,,,,,,,,,,,,,,,1.0,7.489,17.55,15.556,23.557,30.0,25.581,,,,,365.511,19.9555
1,Jacob,2,B,HH,27,Y,5,4,1,865.738970890664,5.546568855076657,1.0,Wingman,144.752,53.118,0.817,32.68299999999999,-7.245702000158019,124.61025545899248,0.7696734746241309,175.80461149407415,Lead,150.463,36.598,4.13,21.501000000000005,31.753024905014627,637.470033668551,0.7799331236973512,112.4671117355698,Lead,448.255,37.529,0.202,36.50800000000001,29.68171194377064,397.2408678720094,0.5107798621080772,105.513504292123,Wingman,462.935,65.507,1.963,20.46199999999999,16.7366916399788,48.560062009517424,1.2570836690059637,175.69213603026986,Lead,520.457,72.404,2.705,25.204000000000008,-10.152016104637823,387.63182565482384,0.6907519802113499,12.66236309816179,0.8571428571428571,30.0,18.142,10.359,9.462,25.404,30.0,18.476,,,,520.457,20.26328571428571
1,Jacob,3,A,HA,2,Y,4,1,0,109.00020406939848,0.0,0.25,Lead,275.128,39.087,0.655,13.752999999999986,27.73430971843601,726.2786445513611,1.0284109074905865,91.65908232996895,,,,,,,,,,,,,,,,,,,,,,,,,,,,,,,,,,,,,0.8,10.671,12.471,25.451,12.467,30.0,,,,,,295.622,18.212
