Subject,Timestamp,SampleDate,SampleTime,TestCard,ITPV,LogWorkload
13,17498321719811572,2025-06-13,16:29:31.981,NA,357.3568907557147,8.481221797170054
13,17498321724971572,2025-06-13,16:29:32.497,NA,127.8027302489398,6.997774846674124
13,17498321730151572,2025-06-13,16:29:33.015,NA,628.8978699751187,9.296681939083369
13,17498321735411572,2025-06-13,16:29:33.541,NA,553.274011995631,9.111850349872913
13,17498321740671572,2025-06-13,16:29:34.067,NA,399.1021893129886,8.640614382686373
13,17498321745851572,2025-06-13,16:29:34.585,NA,2620.8699938526543,11.35583007637655
13,17498321751031572,2025-06-13,16:29:35.103,NA,304.5308033424715,8.250444354135569
13,17498321756271572,2025-06-13,16:29:35.627,NA,634.0942895839933,9.30855357430478
13,17498321761471572,2025-06-13,16:29:36.147,NA,1390.3450548049561,10.441227259033832
13,17498321766631572,2025-06-13,16:29:36.663,NA,5498.42102669057,12.424801666206017
13,17498321771871572,2025-06-13,16:29:37.187,NA,5759.740793037438,12.491788171848087
13,17498321777151572,2025-06-13,16:29:37.715,NA,6736.8822333437565,12.717865364623181
13,17498321782211572,2025-06-13,16:29:38.221,NA,618.6038855629926,9.272872085059088
13,17498321787491572,2025-06-13,16:29:38.749,NA,758.752336936775,9.567485244611781
13,17498321792711572,2025-06-13,16:29:39.271,NA,1874.773832260594,10.872500847867032
13,17498321798011572,2025-06-13,16:29:39.801,NA,111.79904296956624,6.8047640281439286
13,17498321803191572,2025-06-13,16:29:40.319,NA,977.6093164605401,9.93311422365004
13,17498321808371572,2025-06-13,16:29:40.837,NA,4812.349522058573,12.2325257142559
13,17498321813611572,2025-06-13,16:29:41.361,NA,982.9190216380485,9.940928753956545
13,17498321818871572,2025-06-13,16:29:41.887,NA,4551.489136709536,12.152122921986708
13,17498321824211572,2025-06-13,16:29:42.421,NA,4536.10546773829,12.147238469037049
13,17498321829531572,2025-06-13,16:29:42.953,NA,2621.7125971779965,11.356293824778513
13,17498321834831572,2025-06-13,16:29:43.483,NA,2223.2400903963844,11.118448039828928
13,17498321840071572,2025-06-13,16:29:44.007,NA,3801.503630296141,11.892354453455466
13,17498321845351572,2025-06-13,16:29:44.535,NA,589.1553189413913,9.202504211482577
13,17498321850651572,2025-06-13,16:29:45.065,NA,420.5534924296735,8.716145505962086
13,17498321855911572,2025-06-13,16:29:45.591,NA,6910.8279110531685,12.754642839215192
13,17498321861191572,2025-06-13,16:29:46.119,NA,1436.3437989784456,10.488185394349749
13,17498321866431572,2025-06-13,16:29:46.643,NA,333.4795830624486,8.381454626398302
13,17498321871691572,2025-06-13,16:29:47.169,NA,464.13632987356544,8.858404817420919
13,17498321876911572,2025-06-13,16:29:47.691,NA,1220.9125157902963,10.253744112704627
13,17498321882131572,2025-06-13,16:29:48.213,NA,826.0491559733279,9.69008382489265
13,17498321887431572,2025-06-13,16:29:48.743,NA,1331.289267791518,10.37860836445133
13,17498321892671572,2025-06-13,16:29:49.267,NA,2955.5581608067937,11.529214895534071
13,17498321897891572,2025-06-13,16:29:49.789,NA,1118.1126711589902,10.126849859186697
13,17498321902971572,2025-06-13,16:29:50.297,tag3,341.4500397499182,8.4155306916345
13,17498321907971572,2025-06-13,16:29:50.797,tag3,608.586439655835,9.249318378278513
13,17498321913211572,2025-06-13,16:29:51.321,tag3,24634.21399934384,14.588375820051217
13,17498321918331572,2025-06-13,16:29:51.833,tag3,262719.2075739815,18.00316215514716
13,17498321923431572,2025-06-13,16:29:52.343,tag3,390702.17248435563,18.57570975203081
13,17498321928551572,2025-06-13,16:29:52.855,tag3,471786.29774784285,18.84777399293301
13,17498321933731572,2025-06-13,16:29:53.373,tag3,114993.09433739069,16.81118770026437
13,17498321938891572,2025-06-13,16:29:53.889,tag3,436087.49913208716,18.734258109207083
13,17498321944091572,2025-06-13,16:29:54.409,tag3,1064519.3337952774,20.02177072157307
13,17498321949311572,2025-06-13,16:29:54.931,tag3,268310.79872008605,18.03354559443369
13,17498321954491572,2025-06-13,16:29:55.449,tag3,130704.73396364068,16.995951869144648
13,17498321959711572,2025-06-13,16:29:55.971,tag3,169941.68742594635,17.37468026966349
13,17498321964851572,2025-06-13,16:29:56.485,tag3,206757.89843057396,17.657582917782403
13,17498321969971572,2025-06-13,16:29:56.997,tag3,202239.538701673,17.6257055523526
13,17498321975091572,2025-06-13,16:29:57.509,tag3,927917.8734514316,19.82363759788507
13,17498321980271572,2025-06-13,16:29:58.027,tag3,718417.1391217145,19.4544622429888
13,17498321985451572,2025-06-13,16:29:58.545,tag3,132464.53340744524,17.015246612780732
13,17498321990551572,2025-06-13,16:29:59.055,tag3,95430.06397946822,16.542156219378782
13,17498321995651572,2025-06-13,16:29:59.565,tag3,326329.3447311997,18.31596920012782
13,17498322000751572,2025-06-13,16:30:00.075,tag3,101008.32367924324,16.62411465885909
13,17498322005831572,2025-06-13,16:30:00.583,tag3,590375.8197016749,19.17127410791021
13,17498322010991572,2025-06-13,16:30:01.099,tag3,224495.8896129653,17.77632950475166
13,17498322016171572,2025-06-13,16:30:01.617,tag3,445011.8594616202,18.763484258512435
13,17498322021351572,2025-06-13,16:30:02.135,tag3,2590794.13904095,21.304962954821413
13,17498322026431572,2025-06-13,16:30:02.643,tag3,4020168.0154107437,21.938824366732003
13,17498322031651572,2025-06-13,16:30:03.165,tag3,3316326.510815805,21.661154624512776
13,17498322036711572,2025-06-13,16:30:03.671,tag3,3470147.739440834,21.726565655303894
13,17498322041791572,2025-06-13,16:30:04.179,tag3,1266247.8634517698,20.272128404083944
13,17498322046871572,2025-06-13,16:30:04.687,tag3,644154.4537011816,19.297047129969023
13,17498322052031572,2025-06-13,16:30:05.203,tag3,475673.3017710335,18.859611527520556
13,17498322057171572,2025-06-13,16:30:05.717,tag3,998657.1070595906,19.929629882322516
13,17498322062271572,2025-06-13,16:30:06.227,tag3,900033.715703287,19.779619520953407
13,17498322067331572,2025-06-13,16:30:06.733,tag3,1882511.298686335,20.844227093190742
13,17498322072351572,2025-06-13,16:30:07.235,tag3,4438450.028800823,22.081624523790847
13,17498322077531572,2025-06-13,16:30:07.753,tag3,3193332.326577819,21.606631269728958
13,17498322082671572,2025-06-13,16:30:08.267,tag3,1535360.2275312103,20.550145750979596
13,17498322087811572,2025-06-13,16:30:08.781,tag3,773321.3455251567,19.560708509879845
13,17498322092971572,2025-06-13,16:30:09.297,tag3,1100588.0069113811,20.069843082166646
13,17498322098091572,2025-06-13,16:30:09.809,tag3,796872.3155980232,19.603989051336526
13,17498322103231572,2025-06-13,16:30:10.323,tag3,1041004.6090975851,19.989545025576785
13,17498322108411572,2025-06-13,16:30:10.841,tag3,716120.5102370951,19.449842862054687
13,17498322113551572,2025-06-13,16:30:11.355,tag3,1078901.844321129,20.04113218748417
13,17498322118751572,2025-06-13,16:30:11.875,tag3,5722326.083293729,22.448170280432787
13,17498322123851572,2025-06-13,16:30:12.385,tag3,1229917.8905589415,20.23013057363869
13,17498322128991572,2025-06-13,16:30:12.899,tag3,433964.18522073125,18.727216457345
13,17498322134131572,2025-06-13,16:30:13.413,NA,16873.380334028312,14.042461404900466
13,17498322139271572,2025-06-13,16:30:13.927,NA,3948.5591986729914,11.947110604756075
13,17498322144471572,2025-06-13,16:30:14.447,NA,5638.452985129504,12.461083671252192
13,17498322149771572,2025-06-13,16:30:14.977,NA,9051.860395294396,13.143998619093498
13,17498322155071572,2025-06-13,16:30:15.507,NA,5622.531323552806,12.457004078052181
13,17498322160311572,2025-06-13,16:30:16.031,NA,3902.448542557431,11.930163893704055
13,17498322165611572,2025-06-13,16:30:16.561,NA,14272.002818014362,13.800900184781218
13,17498322170831572,2025-06-13,16:30:17.083,NA,22850.07536993585,14.479911303504712
13,17498322175971572,2025-06-13,16:30:17.597,NA,9095.532463088104,13.150942382062883
13,17498322181151572,2025-06-13,16:30:18.115,NA,8542.661157687833,13.060469844080336
13,17498322186491572,2025-06-13,16:30:18.649,NA,22687.7358394717,14.469625019579835
13,17498322191731572,2025-06-13,16:30:19.173,NA,12868.639395349299,13.651571904642683
13,17498322197031572,2025-06-13,16:30:19.703,NA,10227.750355916196,13.320201231643962
13,17498322202271572,2025-06-13,16:30:20.227,NA,8971.279703592585,13.131098076979853
13,17498322207511572,2025-06-13,16:30:20.751,NA,22138.43859733087,14.434265853370652
13,17498322212791572,2025-06-13,16:30:21.279,NA,60690.89291094624,15.889192425883028
13,17498322218031572,2025-06-13,16:30:21.803,NA,41092.88549735608,15.326601018075605
13,17498322223291572,2025-06-13,16:30:22.329,NA,18800.83891026997,14.19850941723341
13,17498322228611572,2025-06-13,16:30:22.861,NA,14009.147818884041,13.774081578368666
13,17498322233851572,2025-06-13,16:30:23.385,NA,18550.53826859678,14.179173428722683
13,17498322239151572,2025-06-13,16:30:23.915,NA,24556.850400923886,14.583837915731864
13,17498322244431572,2025-06-13,16:30:24.443,NA,15007.498945975378,13.87339594618918
13,17498322249731572,2025-06-13,16:30:24.973,NA,7718.122768007796,12.914034276894114
13,17498322254931572,2025-06-13,16:30:25.493,NA,2991.1291448954003,11.546474486218614
13,17498322260171572,2025-06-13,16:30:26.017,NA,10988.9343884683,13.423763872569129
13,17498322265371572,2025-06-13,16:30:26.537,NA,4381.686207889685,12.097270454857135
13,17498322270551572,2025-06-13,16:30:27.055,NA,5550.734437971822,12.438462957011122
13,17498322275811572,2025-06-13,16:30:27.581,NA,3762.4315124731897,11.877449605400987
13,17498322281011572,2025-06-13,16:30:28.101,NA,9561.244399524512,13.222982682385796
13,17498322286211572,2025-06-13,16:30:28.621,NA,3535.5183923784607,11.787706049140091
13,17498322291471572,2025-06-13,16:30:29.147,NA,5821.9958100142,12.507298085841436
13,17498322296751572,2025-06-13,16:30:29.675,NA,5258.080524835689,12.360320520929868
13,17498322301951572,2025-06-13,16:30:30.195,NA,8484.641624487096,13.05063800895634
13,17498322307211572,2025-06-13,16:30:30.721,NA,8613.764547242174,13.072428173464912
13,17498322312491572,2025-06-13,16:30:31.249,NA,5520.723131428503,12.430641535324462
13,17498322317711572,2025-06-13,16:30:31.771,NA,12643.189423128199,13.626072829180123
13,17498322322991572,2025-06-13,16:30:32.299,NA,6271.050289226362,12.614491373648388
13,17498322328251572,2025-06-13,16:30:32.825,NA,5205.784766727806,12.345899949382698
13,17498322333511572,2025-06-13,16:30:33.351,NA,7766.533950457035,12.923055180834021
13,17498322338831572,2025-06-13,16:30:33.883,NA,14385.709179456573,13.812348723634353
13,17498322344091572,2025-06-13,16:30:34.409,NA,10581.598286805018,13.369269933872568
13,17498322349311572,2025-06-13,16:30:34.931,NA,7387.965971177683,12.85096150597347
13,17498322354491572,2025-06-13,16:30:35.449,NA,4700.976507216122,12.198744755449535
13,17498322359611572,2025-06-13,16:30:35.961,NA,8245.78275963752,13.009440737675343
13,17498322364831572,2025-06-13,16:30:36.483,NA,17813.216655463963,14.12066043691338
13,17498322369991572,2025-06-13,16:30:36.999,NA,13549.343850820209,13.725935367948649
13,17498322375231572,2025-06-13,16:30:37.523,NA,11597.585912695,13.501536912985307
13,17498322380411572,2025-06-13,16:30:38.041,NA,22610.558086898192,14.464708981513448
13,17498322385611572,2025-06-13,16:30:38.561,NA,6025.483132844055,12.556861208231018
13,17498322390731572,2025-06-13,16:30:39.073,NA,8888.974853882863,13.117801330432602
13,17498322395851572,2025-06-13,16:30:39.585,NA,1629.385439568492,10.670112205884642
13,17498322401111572,2025-06-13,16:30:40.111,NA,2852.6055655150744,11.47806456154485
13,17498322406351572,2025-06-13,16:30:40.635,NA,4055.293029035613,11.985590449724233
13,17498322411511572,2025-06-13,16:30:41.151,NA,9746.83408366025,13.250717970856542
13,17498322416731572,2025-06-13,16:30:41.673,NA,3113.267703211552,11.604213921054917
13,17498322422051572,2025-06-13,16:30:42.205,NA,2788.8537654196757,11.445456572762648
13,17498322427191572,2025-06-13,16:30:42.719,NA,4720.002609805337,12.204571941950935
13,17498322432271572,2025-06-13,16:30:43.227,NA,6711.706888002966,12.712463996795876
13,17498322437351572,2025-06-13,16:30:43.735,NA,4876.095885923818,12.251510780756929
13,17498322442511572,2025-06-13,16:30:44.251,NA,1312.0134028279604,10.357566742495118
13,17498322447751572,2025-06-13,16:30:44.775,NA,1683.0584971699127,10.716869605186345
13,17498322452991572,2025-06-13,16:30:45.299,NA,3858.614310377316,11.913867130481064
13,17498322458231572,2025-06-13,16:30:45.823,NA,9126.970565728769,13.155920363375587
13,17498322463371572,2025-06-13,16:30:46.337,NA,2547.3649902594843,11.314789970584242
13,17498322468551572,2025-06-13,16:30:46.855,NA,7854.679375578181,12.939336671231333
13,17498322473751572,2025-06-13,16:30:47.375,NA,2019.7530848300564,10.97996321869634
13,17498322478951572,2025-06-13,16:30:47.895,NA,8901.18037979028,13.11978094828637
13,17498322486871572,2025-06-13,16:30:48.687,NA,33043.8540313005,15.012094343170576
13,17498322491871572,2025-06-13,16:30:49.187,NA,9375.35451730885,13.19465752989857
13,17498322496911572,2025-06-13,16:30:49.691,NA,2060.8478497440606,11.009022280794726
13,17498322502031572,2025-06-13,16:30:50.203,tag2,6527.041308403053,12.672213454535452
13,17498322507051572,2025-06-13,16:30:50.705,tag2,2746.1822968843394,11.423211682208875
13,17498322512251572,2025-06-13,16:30:51.225,tag2,1267.0559419847311,10.307264507201003
13,17498322517351572,2025-06-13,16:30:51.735,tag2,3335.6383329792534,11.703747157526488
13,17498322522611572,2025-06-13,16:30:52.261,tag2,9113.021487863878,13.153713753929189
13,17498322527751572,2025-06-13,16:30:52.775,tag2,10747.486621142521,13.391711693953162
13,17498322532931572,2025-06-13,16:30:53.293,tag2,6266.456939191154,12.613434257031402
13,17498322538091572,2025-06-13,16:30:53.809,tag2,4425.477498844726,12.111617411733295
13,17498322543391572,2025-06-13,16:30:54.339,tag2,14176.283734788587,13.791191764025951
13,17498322548611572,2025-06-13,16:30:54.861,tag2,10757.296774951246,13.393027964940067
13,17498322553871572,2025-06-13,16:30:55.387,tag2,1434.8872008673866,10.48672161309928
13,17498322561491572,2025-06-13,16:30:56.149,tag2,2118.0308890432334,11.048507914192779
13,17498322571931572,2025-06-13,16:30:57.193,tag2,12175.325696815944,13.571672745277711
13,17498322577451572,2025-06-13,16:30:57.745,tag2,6510.213431555034,12.668489126301628
13,17498322582611572,2025-06-13,16:30:58.261,tag2,7091.805235429699,12.79193720023624
13,17498322587631572,2025-06-13,16:30:58.763,tag2,4591.7799824297535,12.16483780083466
13,17498322592731572,2025-06-13,16:30:59.273,tag2,7805.216981533162,12.930223023698154
13,17498322597811572,2025-06-13,16:30:59.781,tag2,2323.077814351539,11.1818217644648
13,17498322602951572,2025-06-13,16:31:00.295,tag2,3693.8282337279265,11.850901065949838
13,17498322608071572,2025-06-13,16:31:00.807,tag2,5585.53343817421,12.44747935442317
13,17498322614651572,2025-06-13,16:31:01.465,tag2,10715.318959332903,13.387387174426161
13,17498322623691572,2025-06-13,16:31:02.369,tag2,3544.481459363914,11.79135886819939
13,17498322634491572,2025-06-13,16:31:03.449,tag2,8040.049480394068,12.972988664785133
13,17498322640171572,2025-06-13,16:31:04.017,tag2,131173.75738463536,17.001119597762184
13,17498322645471572,2025-06-13,16:31:04.547,tag2,228186.15113202526,17.79985170997475
13,17498322650471572,2025-06-13,16:31:05.047,tag2,49373.736179884705,15.591456199516966
13,17498322655471572,2025-06-13,16:31:05.547,tag2,3455.1000209947224,11.754511760168356
13,17498322660471572,2025-06-13,16:31:06.047,tag2,9317.643478728027,13.185749414280894
13,17498322665471572,2025-06-13,16:31:06.547,tag2,1469.4169695176256,10.521028125414215
13,17498322670471572,2025-06-13,16:31:07.047,tag2,743.0625261126693,9.537339803388264
13,17498322675491572,2025-06-13,16:31:07.549,tag2,2660.791146738266,11.37763955812253
13,17498322680551572,2025-06-13,16:31:08.055,tag2,1390.54093999709,10.441430505478506
13,17498322685671572,2025-06-13,16:31:08.567,tag2,920.1860737205317,9.845781812346768
13,17498322690751572,2025-06-13,16:31:09.075,tag2,2709.6585336128287,11.403895341812305
13,17498322695791572,2025-06-13,16:31:09.579,tag2,1002.8517288424869,9.969892604594111
13,17498322700891572,2025-06-13,16:31:10.089,tag2,565.9254034325066,9.144468088784947
13,17498322706031572,2025-06-13,16:31:10.603,tag2,2781.4590652243874,11.441626158244862
13,17498322711211572,2025-06-13,16:31:11.121,tag2,7533.750598413604,12.879152558936575
13,17498322716311572,2025-06-13,16:31:11.631,tag2,4239.899933587017,12.049814500624771
13,17498322721491572,2025-06-13,16:31:12.149,tag2,4538.377194370148,12.147960804168765
13,17498322727631572,2025-06-13,16:31:12.763,tag2,1738.4885962833976,10.763617888317016
13,17498322756431572,2025-06-13,16:31:15.643,tag2,5893.896595881161,12.52500603431333
13,17498322763211572,2025-06-13,16:31:16.321,tag2,6351.761998982623,12.632941140260034
13,17498322768511572,2025-06-13,16:31:16.851,tag2,373.5492736982944,8.545154746662181
13,17498322773911572,2025-06-13,16:31:17.391,tag2,727.1378729694507,9.506085129972584
13,17498322778971572,2025-06-13,16:31:17.897,tag2,1545.8481294927994,10.594182874565192
13,17498322784031572,2025-06-13,16:31:18.403,tag2,2100.477273386721,11.036501460988946
13,17498322790011572,2025-06-13,16:31:19.001,tag2,501.37693660053867,8.969751823327293
13,17498322795171572,2025-06-13,16:31:19.517,tag2,95.71058594108769,6.580606595775193
13,17498322802391572,2025-06-13,16:31:20.239,tag2,454.4320493515688,8.82792077595988
13,17498322811611572,2025-06-13,16:31:21.161,tag2,7549.515634360009,12.882168370911323
13,17498322818791572,2025-06-13,16:31:21.879,tag2,6937.127696985166,12.7601227262733
13,17498322824691572,2025-06-13,16:31:22.469,tag2,1473.6204089384637,10.525149231979231
13,17498322829991572,2025-06-13,16:31:22.999,tag2,1080.5023728326196,10.077486525087268
13,17498322835291572,2025-06-13,16:31:23.529,tag2,605.8165569515438,9.242737197266662
13,17498322840291572,2025-06-13,16:31:24.029,tag2,1863.190687446561,10.863559618498988
13,17498322845291572,2025-06-13,16:31:24.529,tag2,856.1648416977949,9.74174478243443
13,17498322850311572,2025-06-13,16:31:25.031,tag2,729.0084727239804,9.50979177179722
13,17498322856031572,2025-06-13,16:31:25.603,tag2,321.7806151566066,8.329933607011355
13,17498322863591572,2025-06-13,16:31:26.359,tag2,536.5190872206189,9.067485687035546
13,17498322868851572,2025-06-13,16:31:26.885,tag2,685.9722354023149,9.422006374543063
13,17498322874211572,2025-06-13,16:31:27.421,tag2,3998.108873213305,11.96510204356461
13,17498322879551572,2025-06-13,16:31:27.955,tag2,313.46634837390326,8.292166763137152
13,17498322884931572,2025-06-13,16:31:28.493,tag2,187.65117561459263,7.5519095183584195
13,17498322890191572,2025-06-13,16:31:29.019,tag2,624.4783669904989,9.286507785024929
13,17498322895471572,2025-06-13,16:31:29.547,tag2,366.0920317402671,8.516062562450488
13,17498322900551572,2025-06-13,16:31:30.055,tag2,2103.850256445587,11.038816307746963
13,17498322912771572,2025-06-13,16:31:31.277,NA,225.2258996086558,7.8152289278878
13,17498322918071572,2025-06-13,16:31:31.807,NA,356.9349893343661,8.479517521436076
13,17498322923411572,2025-06-13,16:31:32.341,NA,1414.9227174996358,10.46650754045785
13,17498322928691572,2025-06-13,16:31:32.869,NA,153.2375284155178,7.2596258514542225
13,17498322934011572,2025-06-13,16:31:33.401,NA,862.4076199376506,9.752226115079539
13,17498322945551572,2025-06-13,16:31:34.555,NA,1134.3014556593594,10.147588391245865
13,17498322950891572,2025-06-13,16:31:35.089,NA,1872.6455014351916,10.870862102701944
13,17498322956211572,2025-06-13,16:31:35.621,NA,968.7160370921259,9.919930015459094
13,17498322961611572,2025-06-13,16:31:36.161,NA,163.65228584663902,7.354489943435
13,17498322966951572,2025-06-13,16:31:36.695,NA,336.71584428561357,8.395387799073536
13,17498322972311572,2025-06-13,16:31:37.231,NA,319.6824372756898,8.320495677242377
13,17498322977711572,2025-06-13,16:31:37.771,tag1,1025.7013764171397,10.002395049260997
13,17498322983031572,2025-06-13,16:31:38.303,tag1,1024.456019390114,10.000642334438531
13,17498322988211572,2025-06-13,16:31:38.821,tag1,1126.852420631529,10.138082868526666
13,17498322993411572,2025-06-13,16:31:39.341,tag1,439.3838226760054,8.779337943070859
13,17498322998691572,2025-06-13,16:31:39.869,tag1,48.94303898525288,5.613031779321305
13,17498323003991572,2025-06-13,16:31:40.399,tag1,223.93422182616249,7.806931208747693
13,17498323008991572,2025-06-13,16:31:40.899,tag1,885.5660125738265,9.790456043294238
13,17498323014011572,2025-06-13,16:31:41.401,tag1,1167.4188110660957,10.189106504879511
13,17498323019031572,2025-06-13,16:31:41.903,tag1,400.1488261486964,8.644392866808142
13,17498323024531572,2025-06-13,16:31:42.453,tag1,274.9962572219034,8.103268173051497
13,17498323029591572,2025-06-13,16:31:42.959,tag1,1146.959774979934,10.163599080153066
13,17498323034611572,2025-06-13,16:31:43.461,tag1,219.8806070275179,7.780576557137245
13,17498323039731572,2025-06-13,16:31:43.973,tag1,132.93634032347563,7.054591732596361
13,17498323044851572,2025-06-13,16:31:44.485,tag1,725.7525769885782,9.50333397933013
13,17498323050011572,2025-06-13,16:31:45.001,tag1,688.7315585563452,9.427797974441464
13,17498323076831572,2025-06-13,16:31:47.683,tag1,2827.205030484122,11.465160796673324
13,17498323085671572,2025-06-13,16:31:48.567,tag1,3000.384180615124,11.550931525377322
13,17498323092211572,2025-06-13,16:31:49.221,tag1,1574200.8031763926,20.58618815036604
13,17498323110071572,2025-06-13,16:31:51.007,tag1,777.7712207748575,9.603202042683202
13,17498323120131572,2025-06-13,16:31:52.013,tag1,1448.3756401981336,10.500220102531314
13,17498323153191572,2025-06-13,16:31:55.319,tag1,70535.59798871304,16.106063921885493
13,17498323181651572,2025-06-13,16:31:58.165,tag1,35746.456263359665,15.12551260648425
13,17498323214551572,2025-06-13,16:32:01.455,tag1,19297.681549266832,14.236139910032815
13,17498323257391572,2025-06-13,16:32:05.739,tag1,15534.792718315952,13.923215371169956
13,17498323281931572,2025-06-13,16:32:08.193,tag1,7100.983344686337,12.79380310762721
13,17498323310811572,2025-06-13,16:32:11.081,tag1,11712.089475841138,13.515710859959178
13,17498323318671572,2025-06-13,16:32:11.867,tag1,12090.326172953937,13.561565545704358
13,17498323334071572,2025-06-13,16:32:13.407,tag1,573.6909852360626,9.164130037976548
13,17498323339331572,2025-06-13,16:32:13.933,tag1,1614808.3582357238,20.62293152865307
13,17498323361391572,2025-06-13,16:32:16.139,tag1,6038.984643472206,12.560090289019437
13,17498323366651572,2025-06-13,16:32:16.665,tag1,77334.96477723119,16.23883321421326
13,17498323371991572,2025-06-13,16:32:17.199,tag1,229289.45434516107,17.806810477354627
13,17498323377391572,2025-06-13,16:32:17.739,tag1,72340.76201677286,16.14252117455764
13,17498323382671572,2025-06-13,16:32:18.267,tag1,6510.796705300326,12.66861837681776
13,17498323387971572,2025-06-13,16:32:18.797,tag1,1419.095204822397,10.470755665404942
13,17498323393331572,2025-06-13,16:32:19.333,tag1,1057.748690407514,10.04678118416514
13,17498323411371572,2025-06-13,16:32:21.137,tag1,1586.9810970617586,10.632069228627447
13,17498323417151572,2025-06-13,16:32:21.715,tag1,1733.5105810652817,10.75948092720446
13,17498323422551572,2025-06-13,16:32:22.255,tag1,318.8164209151103,8.316582128270893
13,17498323428011572,2025-06-13,16:32:22.801,tag1,1505.973859432155,10.556481012709842
13,17498323433351572,2025-06-13,16:32:23.335,tag1,2343.8288152620266,11.19465148906767
13,17498323438731572,2025-06-13,16:32:23.873,tag1,595.7056446621361,9.218455819306916
13,17498323444091572,2025-06-13,16:32:24.409,tag1,588.5364025239571,9.200987842279863
13,17498323449211572,2025-06-13,16:32:24.921,tag1,858.0151936364645,9.744859384807125
13,17498323454611572,2025-06-13,16:32:25.461,tag1,166.21732708176498,7.376926971353296
13,17498323464491572,2025-06-13,16:32:26.449,tag1,3790.136396562403,11.888034052610795
13,17498323481911572,2025-06-13,16:32:28.191,tag1,12336.985617504408,13.590702313264886
13,17498323551611572,2025-06-13,16:32:35.161,tag1,12747.703328213656,13.6379497289508
13,17498323565891572,2025-06-13,16:32:36.589,tag1,18872.373285632995,14.203988239271974
13,17498323617011572,2025-06-13,16:32:41.701,tag1,14960.048374867421,13.86882721988653
13,17498323654731572,2025-06-13,16:32:45.473,tag1,40459.45536766316,15.30418927918712
13,17498323663331572,2025-06-13,16:32:46.333,tag1,16471.433123789488,14.007678464099797
13,17498323679211572,2025-06-13,16:32:47.921,tag1,4943.553693418159,12.271332786529664
13,17498323698051572,2025-06-13,16:32:49.805,tag1,4825.1050214265015,12.2363446285438
13,17498323709591572,2025-06-13,16:32:50.959,tag1,14459.402076957456,13.819720274961334
13,17498323731651572,2025-06-13,16:32:53.165,NA,8671.317375350887,13.082035473784847
13,17498323738271572,2025-06-13,16:32:53.827,NA,37165.306956367014,15.181668903147608
13,17498323743491572,2025-06-13,16:32:54.349,NA,5697.81142657189,12.476192160017877
13,17498323748511572,2025-06-13,16:32:54.851,NA,1740.9124223833228,10.765627913859477
13,17498323753531572,2025-06-13,16:32:55.353,NA,877.1452150136729,9.776671896341261
13,17498323758891572,2025-06-13,16:32:55.889,NA,2497.346504899547,11.28618029263954
13,17498323763911572,2025-06-13,16:32:56.391,NA,1669.2294556784595,10.704966568791018
13,17498323768911572,2025-06-13,16:32:56.891,NA,6534.233104955322,12.673802207660337
13,17498323773911572,2025-06-13,16:32:57.391,NA,1797298.1537538213,20.777398326676046
13,17498323778911572,2025-06-13,16:32:57.891,NA,1057894.9543369627,20.012764948778905
13,17498323783931572,2025-06-13,16:32:58.393,NA,2068845.7995032866,20.98039468789941
13,17498323788951572,2025-06-13,16:32:58.895,NA,2146748.1930549056,21.033721546764006
13,17498323793991572,2025-06-13,16:32:59.399,NA,309278.94557468046,18.238549098523933
13,17498323799171572,2025-06-13,16:32:59.917,NA,552715.2499937777,19.076176893008203
13,17498323804291572,2025-06-13,16:33:00.429,NA,3144919.088586834,21.58459146973681
13,17498323809331572,2025-06-13,16:33:00.933,NA,561441.0727267823,19.09877508380159
13,17498323814391572,2025-06-13,16:33:01.439,NA,61803.85797644856,15.915409277707697
13,17498323819391572,2025-06-13,16:33:01.939,NA,17499.64677200313,14.0950381812972
13,17498323824771572,2025-06-13,16:33:02.477,NA,7520.761503710968,12.87666303193815
13,17498323830051572,2025-06-13,16:33:03.005,NA,1771.0176313504082,10.790362859561164
13,17498323835251572,2025-06-13,16:33:03.525,NA,2903.503827926699,11.503579220726875
13,17498323840531572,2025-06-13,16:33:04.053,NA,1106.3910673091038,10.11164569839538
13,17498323845571572,2025-06-13,16:33:04.557,NA,1233.4887853860982,10.268528883687711
13,17498323850571572,2025-06-13,16:33:05.057,NA,264.9144661488105,8.049382816688414
13,17498323855611572,2025-06-13,16:33:05.561,NA,589.8919222952312,9.204306843483701
13,17498323860731572,2025-06-13,16:33:06.073,NA,1287.7814196162394,10.330672024390585
13,17498323865771572,2025-06-13,16:33:06.577,NA,848.1313294415493,9.72814386690296
13,17498323870831572,2025-06-13,16:33:07.083,NA,361.54122733476055,8.49801635999413
13,17498323875851572,2025-06-13,16:33:07.585,NA,806.0783206981419,9.654776211398051
13,17498323880891572,2025-06-13,16:33:08.089,NA,825.9729615255274,9.689950745134336
13,17498323886031572,2025-06-13,16:33:08.603,NA,934.2808365552759,9.867712466268026
13,17498323891271572,2025-06-13,16:33:09.127,NA,1272.6209755227515,10.313587090268378
13,17498323896391572,2025-06-13,16:33:09.639,NA,1622.9856933771512,10.664434567243715
13,17498323901511572,2025-06-13,16:33:10.151,NA,3870.96966813894,11.918479287772296
13,17498323906591572,2025-06-13,16:33:10.659,NA,172263.40194955986,17.39425670220834
13,17498323911691572,2025-06-13,16:33:11.169,NA,132743.04228967783,17.01827671876387
13,17498323916811572,2025-06-13,16:33:11.681,NA,375573.65531561605,18.518736342863804
13,17498323926571572,2025-06-13,16:33:12.657,NA,94423.76079457207,16.5268623245929
13,17498323935311572,2025-06-13,16:33:13.531,NA,26056.421882363098,14.66935136341746
13,17498323940391572,2025-06-13,16:33:14.039,NA,29611.717836416836,14.853880566187586
13,17498323945451572,2025-06-13,16:33:14.545,NA,35236.80496635914,15.104795495971226
13,17498323950451572,2025-06-13,16:33:15.045,NA,7649.665930720004,12.901181029772308
13,17498323955451572,2025-06-13,16:33:15.545,NA,342.6871229516709,8.420748170943734
13,17498323960511572,2025-06-13,16:33:16.051,NA,1364.7128406330894,10.414381699559778
13,17498323965551572,2025-06-13,16:33:16.555,NA,9991.179414874892,13.286439276549428
13,17498323970631572,2025-06-13,16:33:17.063,NA,212341.96320098403,17.696029980487317
13,17498323975651572,2025-06-13,16:33:17.565,NA,1563149.3885902439,20.576024231141833
13,17498323980771572,2025-06-13,16:33:18.077,NA,1363026.895122764,20.37838259887553
13,17498323985831572,2025-06-13,16:33:18.583,NA,42827.50019161229,15.386249850231236
13,17498323990891572,2025-06-13,16:33:19.089,NA,6731.646302493365,12.716743660521246
13,17498323996031572,2025-06-13,16:33:19.603,NA,735.2172344407843,9.522026775431634
13,17498324001151572,2025-06-13,16:33:20.115,NA,245.49113577731364,7.939527122253634
13,17498324006291572,2025-06-13,16:33:20.629,NA,1649.7197018915658,10.688005206682961
13,17498324011431572,2025-06-13,16:33:21.143,NA,1224.2069246207236,10.257631718422163
13,17498324016611572,2025-06-13,16:33:21.661,NA,212.68372460070202,7.732565826570062
13,17498324021811572,2025-06-13,16:33:22.181,NA,360.1982285997559,8.492647276081014
13,17498324026971572,2025-06-13,16:33:22.697,NA,479.53797818563737,8.905501267312964
13,17498324032251572,2025-06-13,16:33:23.225,NA,146.91589920504998,7.198846722245353
13,17498324037491572,2025-06-13,16:33:23.749,NA,1117.1574843298533,10.125616859782115
13,17498324042711572,2025-06-13,16:33:24.271,NA,266.4559951558511,8.057753483312956
13,17498324047891572,2025-06-13,16:33:24.789,NA,1641.73964827394,10.681009643248572
13,17498324053131572,2025-06-13,16:33:25.313,NA,1023.0575578041799,9.998671598877996
13,17498324058431572,2025-06-13,16:33:25.843,NA,201.65811940417962,7.655767684228277
13,17498324063711572,2025-06-13,16:33:26.371,NA,171.0094491392138,7.41793223330492
13,17498324068971572,2025-06-13,16:33:26.897,NA,4000.7905389479965,11.96606938314531
13,17498324074091572,2025-06-13,16:33:27.409,NA,8503.439615434723,13.053830809721134
13,17498324079191572,2025-06-13,16:33:27.919,NA,4397.664374602192,12.102521787996947
13,17498324084471572,2025-06-13,16:33:28.447,NA,2481.8549133776646,11.277203064163954
13,17498324089691572,2025-06-13,16:33:28.969,NA,3398.071532886518,11.730500507712296
13,17498324094931572,2025-06-13,16:33:29.493,NA,4114.830722555713,12.006617366401901
13,17498324100271572,2025-06-13,16:33:30.027,NA,1530.7893366096835,10.580060041085607
13,17498324105531572,2025-06-13,16:33:30.553,NA,2031.1392008063972,10.98807340043172
13,17498324110771572,2025-06-13,16:33:31.077,NA,1543.8606611873886,10.592326834881282
13,17498324116031572,2025-06-13,16:33:31.603,NA,640.2967688569781,9.32259691945419
13,17498324121291572,2025-06-13,16:33:32.129,NA,940.6728525237814,9.877549259058291
13,17498324126571572,2025-06-13,16:33:32.657,NA,431.6041380804079,8.75356488675882
13,17498324131791572,2025-06-13,16:33:33.179,NA,448.95822693044516,8.810437406224663
13,17498324137111572,2025-06-13,16:33:33.711,NA,999.9827283537205,9.965759366728465
13,17498324142331572,2025-06-13,16:33:34.233,NA,832.0133716311602,9.700462904476362
13,17498324147591572,2025-06-13,16:33:34.759,NA,665.5496761111643,9.37840254156863
13,17498324152851572,2025-06-13,16:33:35.285,NA,2318.7953041916226,11.179159753778421
13,17498324158071572,2025-06-13,16:33:35.807,NA,2357.176197476797,11.202843887851413
13,17498324163311572,2025-06-13,16:33:36.331,NA,239.48836656876665,7.903811766816843
13,17498324168611572,2025-06-13,16:33:36.861,NA,813.8394719828034,9.668600443954908
13,17498324173871572,2025-06-13,16:33:37.387,NA,743.4503056248233,9.538092501353447
13,17498324179171572,2025-06-13,16:33:37.917,NA,323.93535287144437,8.339562115854937
13,17498324184451572,2025-06-13,16:33:38.445,NA,166.50764605252724,7.379444617334259
13,17498324189691572,2025-06-13,16:33:38.969,NA,457.23000011750395,8.836776255621134
13,17498324194971572,2025-06-13,16:33:39.497,NA,403.99321340911695,8.658187247446723
13,17498324200191572,2025-06-13,16:33:40.019,NA,3056.106645511223,11.577479173017966
13,17498324205491572,2025-06-13,16:33:40.549,NA,1041.4231036553278,10.024340602609321
13,17498324210791572,2025-06-13,16:33:41.079,NA,548.2907257694417,9.098797260710928
13,17498324216071572,2025-06-13,16:33:41.607,NA,277.8143898817285,8.11797751793976
13,17498324221331572,2025-06-13,16:33:42.133,NA,515.7635773651382,9.010566085022745
13,17498324226631572,2025-06-13,16:33:42.663,NA,183.1294636185084,7.516720114152235
13,17498324231871572,2025-06-13,16:33:43.187,NA,313.63753773840216,8.292954428654204
13,17498324237131572,2025-06-13,16:33:43.713,NA,1113.3583111827038,10.120702253420372
13,17498324242351572,2025-06-13,16:33:44.235,NA,428.87492896926466,8.744413171616943
13,17498324247631572,2025-06-13,16:33:44.763,NA,1159.1106457563606,10.17880257358189
13,17498324252911572,2025-06-13,16:33:45.291,NA,309.1701817723914,8.272257373579793
13,17498324258231572,2025-06-13,16:33:45.823,NA,466.96180198456364,8.867160730413445
13,17498324263491572,2025-06-13,16:33:46.349,NA,864.1817397828739,9.755190936783121
13,17498324268711572,2025-06-13,16:33:46.871,NA,687.1224913080565,9.424423496751558
13,17498324273991572,2025-06-13,16:33:47.399,NA,328.3850202020923,8.35924450759366
13,17498324279271572,2025-06-13,16:33:47.927,NA,85.31651740685277,6.4147531714143335
13,17498324284551572,2025-06-13,16:33:48.455,NA,241.98157775837612,7.918753407984114
13,17498324289711572,2025-06-13,16:33:48.971,NA,296.19600625762007,8.210408378034268
13,17498324295011572,2025-06-13,16:33:49.501,NA,1304.2352145173602,10.34898836298585
13,17498324300291572,2025-06-13,16:33:50.029,NA,1190.97858428042,10.217931756109104
13,17498324305491572,2025-06-13,16:33:50.549,NA,1803.6203671056114,10.816679991254016
13,17498324310711572,2025-06-13,16:33:51.071,NA,570.7982052096265,9.15683698825476
13,17498324316011572,2025-06-13,16:33:51.601,NA,488.0740562037921,8.930956256439961
13,17498324321291572,2025-06-13,16:33:52.129,NA,700.9890870126123,9.453248174331113
13,17498324326531572,2025-06-13,16:33:52.653,NA,613.3293828184836,9.26051825771256
13,17498324331831572,2025-06-13,16:33:53.183,NA,136.72449929996085,7.0951279685759
13,17498324336971572,2025-06-13,16:33:53.697,NA,791.9480641480767,9.629262011427045
13,17498324342091572,2025-06-13,16:33:54.209,NA,2181.580687965927,11.091158118897031
13,17498324347231572,2025-06-13,16:33:54.723,NA,350.2129640710875,8.452088679756615
13,17498324352351572,2025-06-13,16:33:55.235,NA,315.45789644568123,8.30130365411904
13,17498324357451572,2025-06-13,16:33:55.745,NA,189.55705494713993,7.56648834160296
13,17498324362671572,2025-06-13,16:33:56.267,NA,121.88906346263065,6.929424875240207
13,17498324367731572,2025-06-13,16:33:56.773,NA,331.02980395091987,8.370817304319274
13,17498324372891572,2025-06-13,16:33:57.289,NA,1039.4694749741063,10.02163167734602
13,17498324378051572,2025-06-13,16:33:57.805,NA,600.0007111119547,9.228820400357685
13,17498324383191572,2025-06-13,16:33:58.319,NA,1615.8980884063517,10.658120497611304
13,17498324388351572,2025-06-13,16:33:58.835,NA,674.0236659338046,9.396655437155049
13,17498324393491572,2025-06-13,16:33:59.349,NA,397.28451869160864,8.634028765627098
13,17498324398591572,2025-06-13,16:33:59.859,NA,307.10865404599105,8.262605356511576
13,17498324403711572,2025-06-13,16:34:00.371,NA,215.03941611488975,7.748457315736101
13,17498324408851572,2025-06-13,16:34:00.885,NA,660.5998050496582,9.36763273364289
13,17498324413931572,2025-06-13,16:34:01.393,NA,1396.8678882494503,10.44797986591044
13,17498324419031572,2025-06-13,16:34:01.903,NA,3622.960839254048,11.822953496382263
13,17498324424131572,2025-06-13,16:34:02.413,NA,3483.8644656998317,11.766472783895606
13,17498324429191572,2025-06-13,16:34:02.919,NA,733.9926290156656,9.519621764919588
13,17498324434271572,2025-06-13,16:34:03.427,NA,422.99022748875973,8.724480522348397
13,17498324439351572,2025-06-13,16:34:03.935,NA,489.86466244621164,8.936239412907241
13,17498324444411572,2025-06-13,16:34:04.441,NA,1255.1163335608512,10.29360537479275
13,17498324449491572,2025-06-13,16:34:04.949,NA,1061.6437689214592,10.052084040422788
13,17498324454571572,2025-06-13,16:34:05.457,NA,358.21736090032823,8.484691448589006
13,17498324459611572,2025-06-13,16:34:05.961,NA,1557.1834860563872,10.604723234748333
13,17498324464751572,2025-06-13,16:34:06.475,NA,2050.849084662966,11.002005617133696
13,17498324469871572,2025-06-13,16:34:06.987,NA,527.6109102706037,9.043330587629063
13,17498324475011572,2025-06-13,16:34:07.501,NA,145.4878512297623,7.184754877600121
13,17498324502831572,2025-06-13,16:34:10.283,NA,3097.1640338394773,11.59673207856902
13,17498324516451572,2025-06-13,16:34:11.645,NA,521.840785372876,9.027465894673142
13,17498324523071572,2025-06-13,16:34:12.307,NA,1775.188448470153,10.793756469415865
13,17498324529551572,2025-06-13,16:34:12.955,NA,3280.9783612001165,11.679910363647274
13,17498324538231572,2025-06-13,16:34:13.823,NA,60559.14696768793,15.886057263305164
13,17498324550351572,2025-06-13,16:34:15.035,NA,704970.7474512878,19.42720386899429
13,17498324564751572,2025-06-13,16:34:16.475,NA,630.097508480932,9.29943129476267
13,17498324587091572,2025-06-13,16:34:18.709,NA,14869.692552321294,13.860087197899645
13,17498324612351572,2025-06-13,16:34:21.235,NA,31767.074035789134,14.955244593665856
13,17498324618511572,2025-06-13,16:34:21.851,NA,1504.4699216853091,10.555039548349477
13,17498324623511572,2025-06-13,16:34:22.351,NA,1345.191838302346,10.393596215385838
13,17498324628511572,2025-06-13,16:34:22.851,NA,2059.5377149461215,11.008104830226127
13,17498324633571572,2025-06-13,16:34:23.357,NA,10648.220566509572,13.378324740107407
13,17498324638651572,2025-06-13,16:34:23.865,NA,7161.229972854366,12.8059916826742
13,17498324643851572,2025-06-13,16:34:24.385,NA,3737.529305304835,11.867869175933286
13,17498324648991572,2025-06-13,16:34:24.899,NA,8400.814805742277,13.03631354817187
13,17498324654191572,2025-06-13,16:34:25.419,NA,7508.673943232817,12.874342430159087
13,17498324659331572,2025-06-13,16:34:25.933,NA,2010.7094447007664,10.973488906347814
13,17498324664511572,2025-06-13,16:34:26.451,NA,944.6838445111546,9.883687775964404
13,17498324669731572,2025-06-13,16:34:26.973,NA,5234.006321564421,12.353699951517301
13,17498324674911572,2025-06-13,16:34:27.491,NA,918.6249436517074,9.84333214772292
13,17498324680151572,2025-06-13,16:34:28.015,NA,2746.4941045358955,11.423375479716762
13,17498324685391572,2025-06-13,16:34:28.539,NA,1713.1873304098701,10.74246719783345
13,17498324690671572,2025-06-13,16:34:29.067,NA,2801.9196983499983,11.452199894088087
13,17498324695911572,2025-06-13,16:34:29.591,NA,626.7127676370726,9.291660574346665
13,17498324701151572,2025-06-13,16:34:30.115,NA,436.2564917774878,8.769032789487856
13,17498324706411572,2025-06-13,16:34:30.641,NA,522.6243676747685,9.029630582522918
13,17498324711691572,2025-06-13,16:34:31.169,NA,4552.616514287712,12.15248022496888
13,17498324717011572,2025-06-13,16:34:31.701,NA,1001.2463711254915,9.967581298463369
13,17498324722311572,2025-06-13,16:34:32.231,NA,423.0246928692248,8.724598068817876
13,17498324727611572,2025-06-13,16:34:32.761,NA,1328.297523149893,10.375362614402253
13,17498324732931572,2025-06-13,16:34:33.293,NA,2890.1786311030155,11.49694294771408
13,17498324738151572,2025-06-13,16:34:33.815,NA,776.7851895596646,9.601371883898825
13,17498324743351572,2025-06-13,16:34:34.335,NA,890.8717455164829,9.799073938664694
13,17498324748511572,2025-06-13,16:34:34.851,NA,5526.2701829389425,12.432090382834462
13,17498324753711572,2025-06-13,16:34:35.371,NA,10181.878988838756,13.313716204001823
13,17498324758951572,2025-06-13,16:34:35.895,NA,6068.2266004683715,12.567059244549613
13,17498324764171572,2025-06-13,16:34:36.417,NA,3080.004823972367,11.58871689516524
13,17498324769451572,2025-06-13,16:34:36.945,NA,8870.846772255667,13.114856109123739
13,17498324774671572,2025-06-13,16:34:37.467,NA,2253.084831806323,11.137685918751297
13,17498324779891572,2025-06-13,16:34:37.989,NA,1502.709122968732,10.553350060740657
13,17498324785151572,2025-06-13,16:34:38.515,NA,848.2044872321154,9.728268304977872
13,17498324790411572,2025-06-13,16:34:39.041,NA,4382.532127519718,12.097548951811984
13,17498324795591572,2025-06-13,16:34:39.559,NA,3547.5902509323887,11.792623671672755
13,17498324800711572,2025-06-13,16:34:40.071,NA,1894.745878315268,10.88778865301696
13,17498324805911572,2025-06-13,16:34:40.591,NA,615.5651216811228,9.265767679720252
13,17498324811031572,2025-06-13,16:34:41.103,NA,3213.435124663684,11.649900631077148
13,17498324816211572,2025-06-13,16:34:41.621,NA,356.49690530224905,8.477745742672566
13,17498324821431572,2025-06-13,16:34:42.143,NA,942.050287929954,9.879660264698467
13,17498324826631572,2025-06-13,16:34:42.663,NA,1501.595766448149,10.552280772460247
13,17498324831891572,2025-06-13,16:34:43.189,NA,285.47245706506556,8.157207748068673
13,17498324837191572,2025-06-13,16:34:43.719,NA,1624.4981682922405,10.6657784016153
13,17498324842391572,2025-06-13,16:34:44.239,NA,2346.634958980684,11.196377719267835
13,17498324847631572,2025-06-13,16:34:44.763,NA,383.34962184327907,8.582516946466944
13,17498324852891572,2025-06-13,16:34:45.289,NA,195.48000063561093,7.61087720416293
13,17498324858211572,2025-06-13,16:34:45.821,NA,1043.56526003387,10.027305107855854
13,17498324863491572,2025-06-13,16:34:46.349,NA,218.72072604002622,7.772946126842889
13,17498324868771572,2025-06-13,16:34:46.877,tag1,215.06161764363162,7.748606257649422
13,17498324873991572,2025-06-13,16:34:47.399,tag1,2098.6008128439653,11.035212053912408
13,17498324879211572,2025-06-13,16:34:47.921,tag1,624.2642540811692,9.286013047950538
13,17498324884491572,2025-06-13,16:34:48.449,tag1,1327.3731468170886,10.374358278118999
13,17498324889711572,2025-06-13,16:34:48.971,tag1,343.3418545815002,8.423501927397727
13,17498324894951572,2025-06-13,16:34:49.495,tag1,448.00123541442923,8.807358900458972
13,17498324900211572,2025-06-13,16:34:50.021,tag1,585.3471094844514,9.193148583058544
13,17498324905551572,2025-06-13,16:34:50.555,tag1,410.3788464282713,8.680812556831857
13,17498324910831572,2025-06-13,16:34:51.083,tag1,384.6845961052907,8.58753225084299
13,17498324916131572,2025-06-13,16:34:51.613,tag1,668.1169124228438,9.383956768842726
13,17498324921451572,2025-06-13,16:34:52.145,tag1,379.2104089928086,8.566854755266704
13,17498324926771572,2025-06-13,16:34:52.677,tag1,197.9304221857284,7.628849563470599
13,17498324932091572,2025-06-13,16:34:53.209,tag1,561.2239591127144,9.1324327898859
13,17498324937371572,2025-06-13,16:34:53.737,tag1,898.2220638395373,9.810928350548334
13,17498324942651572,2025-06-13,16:34:54.265,tag1,1532.463787503392,10.581637267741906
13,17498324947811572,2025-06-13,16:34:54.781,tag1,3202.5684599048514,11.645013695419353
13,17498324953031572,2025-06-13,16:34:55.303,tag1,747.157097976181,9.545267807142995
13,17498324958231572,2025-06-13,16:34:55.823,tag1,1193.2288219358857,10.220655015555275
13,17498324963491572,2025-06-13,16:34:56.349,tag1,814.1627873282005,9.669173471969964
13,17498324968731572,2025-06-13,16:34:56.873,tag1,373.8498525835921,8.546315153934133
13,17498324973931572,2025-06-13,16:34:57.393,tag1,402.7736800528552,8.653825600781147
13,17498324979211572,2025-06-13,16:34:57.921,tag1,369.9947236304355,8.531360886877172
13,17498324984351572,2025-06-13,16:34:58.435,tag1,299.59539138999696,8.226871621081619
13,17498324989631572,2025-06-13,16:34:58.963,tag1,293.3413405148466,8.196436593815081
13,17498324994931572,2025-06-13,16:34:59.493,tag1,126.27788224926528,6.9804581609381495
13,17498325000231572,2025-06-13,16:35:00.023,tag1,229.60019090906758,7.842980031367815
13,17498325005431572,2025-06-13,16:35:00.543,tag1,877.1399774782498,9.776663281816765
13,17498325010771572,2025-06-13,16:35:01.077,tag1,652.9844293591308,9.350904780391469
13,17498325016011572,2025-06-13,16:35:01.601,tag1,171.79217836757894,7.424520542390887
13,17498325021251572,2025-06-13,16:35:02.125,tag1,562.5761278887047,9.13590452503082
13,17498325026471572,2025-06-13,16:35:02.647,tag1,798.6851818489807,9.641483137124498
13,17498325031671572,2025-06-13,16:35:03.167,tag1,244.1050713302634,7.93135845747479
13,17498325036991572,2025-06-13,16:35:03.699,tag1,4822.698658187312,12.235624952128516
13,17498325042171572,2025-06-13,16:35:04.217,tag1,6272.453825897292,12.614814230066296
13,17498325047411572,2025-06-13,16:35:04.741,tag1,1788.7582390729594,10.804742696725043
13,17498325052691572,2025-06-13,16:35:05.269,tag1,274.8123296419147,8.102302922876177
13,17498325057991572,2025-06-13,16:35:05.799,tag1,648.5380284784355,9.341047362383849
13,17498325063211572,2025-06-13,16:35:06.321,tag1,583.2064995127693,9.18786298756473
13,17498325068491572,2025-06-13,16:35:06.849,tag1,146.50964725243318,7.1948518550024625
13,17498325073731572,2025-06-13,16:35:07.373,tag1,587.373240916699,9.198133731780464
13,17498325078971572,2025-06-13,16:35:07.897,tag1,326.2516317376814,8.34984130707096
13,17498325084231572,2025-06-13,16:35:08.423,tag1,544.6459078542381,9.089174781121331
13,17498325089451572,2025-06-13,16:35:08.945,tag1,833.7258599614102,9.703429274296056
13,17498325094731572,2025-06-13,16:35:09.473,tag1,327.2079162532384,8.354063842092087
13,17498325099991572,2025-06-13,16:35:09.999,tag1,5098.393594014849,12.315827037821029
13,17498325105231572,2025-06-13,16:35:10.523,tag1,888.830316961469,9.79576421597971
13,17498325110531572,2025-06-13,16:35:11.053,tag1,785.0102744198675,9.61656772627273
13,17498325115851572,2025-06-13,16:35:11.585,tag1,1744.1859113597293,10.768338108665628
13,17498325121111572,2025-06-13,16:35:12.111,tag1,894.2768448356026,9.80457771116397
13,17498325126411572,2025-06-13,16:35:12.641,tag1,178.18996615699035,7.477272291039119
13,17498325131671572,2025-06-13,16:35:13.167,tag1,1951.0895915890012,10.930064310878395
13,17498325136931572,2025-06-13,16:35:13.693,tag1,1154.6227525917275,10.17320584464392
13,17498325142131572,2025-06-13,16:35:14.213,tag1,291.7335497689852,8.188507497512623
13,17498325147351572,2025-06-13,16:35:14.735,tag1,704.6601855290561,9.460783891482592
13,17498325152551572,2025-06-13,16:35:15.255,tag1,1328.0828549003038,10.375129439347692
13,17498325157771572,2025-06-13,16:35:15.777,tag1,594.0991447467312,9.214559901438314
13,17498325162951572,2025-06-13,16:35:16.295,tag1,3012.9740636278157,11.556972538597922
13,17498325168251572,2025-06-13,16:35:16.825,tag1,809.2167045539844,9.660382291342263
13,17498325173551572,2025-06-13,16:35:17.355,tag1,163.2877723732533,7.351272950074477
13,17498325178831572,2025-06-13,16:35:17.883,tag1,340.75749615493237,8.412601584286039
13,17498325184111572,2025-06-13,16:35:18.411,tag1,1539.1946558673544,10.587959979808453
13,17498325189431572,2025-06-13,16:35:18.943,tag1,737.8502220670541,9.527184179757826
13,17498325194671572,2025-06-13,16:35:19.467,tag1,707.9090424976118,9.467420193631602
13,17498325199771572,2025-06-13,16:35:19.977,tag1,499.3851292066464,8.964009050810066
13,17498325204951572,2025-06-13,16:35:20.495,tag1,144.54299680196794,7.175354900811567
13,17498325210751572,2025-06-13,16:35:21.075,tag1,463.6193449084188,8.856796955043128
13,17498325216031572,2025-06-13,16:35:21.603,tag1,1114.620922262928,10.122337423902817
13,17498325221231572,2025-06-13,16:35:22.123,tag1,258.32670565983807,8.013052985888155
13,17498325226451572,2025-06-13,16:35:22.645,tag1,515.6207320571824,9.010166462463362
13,17498325231751572,2025-06-13,16:35:23.175,tag1,496.0822733843651,8.954435595791075
13,17498325237031572,2025-06-13,16:35:23.703,tag1,250.69220429093184,7.969773323538596
13,17498325242191572,2025-06-13,16:35:24.219,tag1,525.1901301135905,9.036695993724537
13,17498325250811572,2025-06-13,16:35:25.081,tag1,2592.322776528211,11.340029647600913
13,17498325256751572,2025-06-13,16:35:25.675,tag1,2519.162208706319,11.298728304773876
13,17498325261911572,2025-06-13,16:35:26.191,tag1,743.4909520513568,9.538171375213057
13,17498325266931572,2025-06-13,16:35:26.693,tag1,1688.0124659198102,10.721109843004747
13,17498325272051572,2025-06-13,16:35:27.205,tag1,799.5548103502971,9.643053125181615
13,17498325277171572,2025-06-13,16:35:27.717,tag1,257.95833028575777,8.010994226177695
13,17498325282331572,2025-06-13,16:35:28.233,tag1,198.89994213153017,7.635899046204971
13,17498325287631572,2025-06-13,16:35:28.763,tag1,114.34970446484952,6.8373088269047475
13,17498325292751572,2025-06-13,16:35:29.275,tag1,926.2837099045797,9.855310331622036
13,17498325297831572,2025-06-13,16:35:29.783,tag1,1905.922298161304,10.896273588410255
13,17498325306971572,2025-06-13,16:35:30.697,tag1,876.8526489177274,9.776190614501246
13,17498325313551572,2025-06-13,16:35:31.355,tag1,674.3062828153822,9.397260229742907
13,17498325319611572,2025-06-13,16:35:31.961,tag1,186.751913116859,7.54497921206671
13,17498325324891572,2025-06-13,16:35:32.489,tag1,625.098567638275,9.287939886478755
13,17498325332271572,2025-06-13,16:35:33.227,tag1,3243.687712443096,11.663419214760815
13,17498325338471572,2025-06-13,16:35:33.847,tag1,1167.1651605031673,10.188793009699939
13,17498325343791572,2025-06-13,16:35:34.379,tag1,232.0648437026525,7.8583841702016075
13,17498325349151572,2025-06-13,16:35:34.915,tag1,963.0935195243324,9.911532085043019
13,17498325354431572,2025-06-13,16:35:35.443,tag1,1256.7754350982057,10.295511171800575
13,17498325359431572,2025-06-13,16:35:35.943,tag1,253.14404421151715,7.983814731744804
13,17498325364431572,2025-06-13,16:35:36.443,tag1,869.0217296823895,9.763248441512996
13,17498325369431572,2025-06-13,16:35:36.943,tag1,766.6866916795753,9.582493327209963
13,17498325374551572,2025-06-13,16:35:37.455,tag1,206.08381178356817,7.687087373075881
13,17498325379551572,2025-06-13,16:35:37.955,tag1,3562.620648994589,11.798723156864405
13,17498325384591572,2025-06-13,16:35:38.459,tag1,1356.8798335123522,10.406077244717158
13,17498325389671572,2025-06-13,16:35:38.967,tag1,115.5062816740245,6.851827502831913
13,17498325394771572,2025-06-13,16:35:39.477,tag1,214.23447111784864,7.743046823502406
13,17498325399891572,2025-06-13,16:35:39.989,tag1,809.8696977313524,9.661545997082083
13,17498325405031572,2025-06-13,16:35:40.503,tag1,729.7520837602826,9.511262615031331
13,17498325410251572,2025-06-13,16:35:41.025,tag1,487.28585141558386,8.928624523552836
13,17498325415411572,2025-06-13,16:35:41.541,tag1,604.2855671050978,9.23908667456498
13,17498325420571572,2025-06-13,16:35:42.057,tag1,362.3812492984164,8.501364497686355
13,17498325425771572,2025-06-13,16:35:42.577,tag1,1953.3812638137601,10.931757848700084
13,17498325430911572,2025-06-13,16:35:43.091,tag1,729.1624285603607,9.51009641554274
13,17498325436031572,2025-06-13,16:35:43.603,tag1,3029.6191330999595,11.56492072214746
13,17498325441271572,2025-06-13,16:35:44.127,tag1,717.9890771448813,9.487818086094949
13,17498325446491572,2025-06-13,16:35:44.649,tag1,1070.1012095557714,10.0635315370072
13,17498325451711572,2025-06-13,16:35:45.171,tag1,4206.109900394076,12.038270831042315
13,17498325456951572,2025-06-13,16:35:45.695,tag1,958.1410018133486,9.904094171047365
13,17498325462251572,2025-06-13,16:35:46.225,tag1,278.179465437202,8.11987211718429
13,17498325467471572,2025-06-13,16:35:46.747,tag1,2040.2114765925965,10.99450298608366
13,17498325472591572,2025-06-13,16:35:47.259,tag1,3268.2450926340125,11.67430046296482
13,17498325477771572,2025-06-13,16:35:47.777,tag1,2271.5957794975952,11.149490421090437
13,17498325482971572,2025-06-13,16:35:48.297,tag1,1913.9360550584288,10.90232691459513
13,17498325488231572,2025-06-13,16:35:48.823,tag1,407.72507007568345,8.671452857324468
13,17498325493491572,2025-06-13,16:35:49.349,tag1,630.7732809877574,9.300977739879581
13,17498325498751572,2025-06-13,16:35:49.875,tag1,883.1880804108682,9.786576891274672
13,17498325503951572,2025-06-13,16:35:50.395,tag1,489.2046039689416,8.934294171096903
13,17498325509171572,2025-06-13,16:35:50.917,tag1,699.9928974172859,9.451196473385409
13,17498325514451572,2025-06-13,16:35:51.445,tag1,239.77542973094003,7.9055400202472645
13,17498325519731572,2025-06-13,16:35:51.973,tag1,355.0193967507764,8.471754039270039
13,17498325524971572,2025-06-13,16:35:52.497,tag1,629.2410318157115,9.297468939464993
13,17498325530271572,2025-06-13,16:35:53.027,tag1,123.63105938481505,6.949897421620126
13,17498325535591572,2025-06-13,16:35:53.559,tag1,503.72866948546124,8.976503033432024
13,17498325540851572,2025-06-13,16:35:54.085,tag1,1027.7761308892705,10.005310337104067
13,17498325546111572,2025-06-13,16:35:54.611,tag1,747.7613399425625,9.546434074029209
13,17498325551371572,2025-06-13,16:35:55.137,tag1,1046.2883193549255,10.031064745794659
13,17498325556631572,2025-06-13,16:35:55.663,tag1,1264.772160678473,10.304661802179158
13,17498325561811572,2025-06-13,16:35:56.181,tag1,371.1392712734168,8.535816854442103
13,17498325566991572,2025-06-13,16:35:56.699,tag1,1359.2406738047114,10.408585214029037
13,17498325572231572,2025-06-13,16:35:57.223,tag1,2890.178631103008,11.496942947714077
13,17498325577551572,2025-06-13,16:35:57.755,tag1,261.6416926139055,8.031448642440376
13,17498325582751572,2025-06-13,16:35:58.275,tag1,1308.8147312756037,10.354045176302137
13,17498325587971572,2025-06-13,16:35:58.797,tag1,1301.856535230735,10.346354756733126
13,17498325593091572,2025-06-13,16:35:59.309,tag1,96.53139015328662,6.592926250268543
13,17498325598271572,2025-06-13,16:35:59.827,tag1,545.7358688315509,9.09205905863607
13,17498325603471572,2025-06-13,16:36:00.347,tag1,2186.934583893014,11.094694351456589
13,17498325608611572,2025-06-13,16:36:00.861,tag1,1679.9317737026959,10.714186927344997
13,17498325613831572,2025-06-13,16:36:01.383,tag1,552.3302493614577,9.109387331141178
13,17498325619031572,2025-06-13,16:36:01.903,tag1,403.13812100784054,8.655130401613203
13,17498325624251572,2025-06-13,16:36:02.425,tag1,339.7368756464545,8.40827400918388
13,17498325629391572,2025-06-13,16:36:02.939,tag1,521.3785647127204,9.026187460760303
13,17498325634651572,2025-06-13,16:36:03.465,tag1,458.6131675016277,8.841133967320086
13,17498325639811572,2025-06-13,16:36:03.981,tag1,225.75080363496693,7.818587313242179
13,17498325645031572,2025-06-13,16:36:04.503,tag1,946.5812564529859,9.886582544884964
13,17498325650131572,2025-06-13,16:36:05.013,tag1,1380.1730691876635,10.430633472247568
13,17498325655451572,2025-06-13,16:36:05.545,tag1,2778.704989965558,11.440196959032878
13,17498325660651572,2025-06-13,16:36:06.065,tag1,386.58846649844565,8.594654786522778
13,17498325665871572,2025-06-13,16:36:06.587,tag1,282.81325967507377,8.14370595213922
13,17498325671091572,2025-06-13,16:36:07.109,tag1,955.4417889961875,9.900024168383247
13,17498325676311572,2025-06-13,16:36:07.631,tag1,177.67369873191586,7.47308632292861
13,17498325681571572,2025-06-13,16:36:08.157,tag1,697.535137893434,9.446122083401514
13,17498325686871572,2025-06-13,16:36:08.687,tag1,1689.560416555584,10.722432225046427
13,17498325692071572,2025-06-13,16:36:09.207,NA,862.65999246743,9.752648239519356
13,17498325697211572,2025-06-13,16:36:09.721,NA,2240.496522167834,11.12960277171706
13,17498325702391572,2025-06-13,16:36:10.239,NA,555.5692672848829,9.117822984986756
13,17498325707631572,2025-06-13,16:36:10.763,NA,903.3142655601906,9.819084182451343
13,17498325712871572,2025-06-13,16:36:11.287,NA,762.4849041313103,9.574564964779597
13,17498325718091572,2025-06-13,16:36:11.809,NA,1439.7826615869692,10.491635334721861
13,17498325723211572,2025-06-13,16:36:12.321,NA,5181.363929287359,12.339116204003565
13,17498325728411572,2025-06-13,16:36:12.841,NA,2182.2179244652466,11.091579466454803
13,17498325733731572,2025-06-13,16:36:13.373,NA,625.0975292076519,9.287937489832798
13,17498325738971572,2025-06-13,16:36:13.897,NA,241.06978280027602,7.9133070155958665
13,17498325744251572,2025-06-13,16:36:14.425,NA,365.7662435546013,8.51477812515777
13,17498325749491572,2025-06-13,16:36:14.949,NA,291.7244505872158,8.18846249909146
13,17498325754671572,2025-06-13,16:36:15.467,NA,880.8884855732222,9.782815585204972
13,17498325760211572,2025-06-13,16:36:16.021,NA,1502.8375981087147,10.55347339966342
13,17498325765471572,2025-06-13,16:36:16.547,NA,158.59991047448528,7.309248146453107
13,17498325770611572,2025-06-13,16:36:17.061,NA,651.5517293824768,9.34773591463246
13,17498325775751572,2025-06-13,16:36:17.575,NA,999.3517328292398,9.964848729552054
13,17498325780971572,2025-06-13,16:36:18.097,NA,346.6619664324515,8.43738575158452
13,17498325786231572,2025-06-13,16:36:18.623,NA,841.1120194979462,9.716154141518004
13,17498325791571572,2025-06-13,16:36:19.157,NA,1980.538786894812,10.951677239937872
13,17498325796711572,2025-06-13,16:36:19.671,NA,245.00051264499857,7.936640957735728
13,17498325801991572,2025-06-13,16:36:20.199,NA,1301.2103159276985,10.345638449810346
13,17498325807251572,2025-06-13,16:36:20.725,NA,811.3287168262813,9.664142742998186
13,17498325812451572,2025-06-13,16:36:21.245,NA,128.76818879181423,7.0086324203336625
13,17498325817731572,2025-06-13,16:36:21.773,NA,290.84819891871274,8.184122560060281
13,17498325822931572,2025-06-13,16:36:22.293,NA,772.0235167184163,9.592500984076755
13,17498325828091572,2025-06-13,16:36:22.809,NA,374.1260739983164,8.547380705027859
13,17498325833351572,2025-06-13,16:36:23.335,NA,602.6664615218576,9.235215970607555
13,17498325838611572,2025-06-13,16:36:23.861,NA,364.5133530838539,8.509827855012805
13,17498325844471572,2025-06-13,16:36:24.447,NA,858.3690586232076,9.745454262402953
13,17498325849751572,2025-06-13,16:36:24.975,NA,305.45257168801527,8.254804576684707
13,17498325854971572,2025-06-13,16:36:25.497,NA,248.48967776886155,7.957042113429599
13,17498325860131572,2025-06-13,16:36:26.013,NA,350.08531362309503,8.451562730525575
13,17498325865391572,2025-06-13,16:36:26.539,NA,325.8614092256044,8.348114697986802
13,17498325870651572,2025-06-13,16:36:27.065,NA,773.7014596410994,9.595633185369149
13,17498325875911572,2025-06-13,16:36:27.591,NA,1935.0788370472994,10.918176629068078
13,17498325881151572,2025-06-13,16:36:28.115,NA,208.68388375310008,7.705175378067081
13,17498325886371572,2025-06-13,16:36:28.637,NA,2539.8173729392956,11.310509047554312
13,17498325891591572,2025-06-13,16:36:29.159,NA,545.4881456870386,9.091404034638273
13,17498325896871572,2025-06-13,16:36:29.687,NA,2004.1651503521448,10.968785681307468
13,17498325902091572,2025-06-13,16:36:30.209,NA,1453.632907164957,10.505447269271302
13,17498325907251572,2025-06-13,16:36:30.725,NA,8868.411380609483,13.114459978976429
13,17498325912371572,2025-06-13,16:36:31.237,NA,55207.362305864,15.75257305332638
13,17498325917511572,2025-06-13,16:36:31.751,NA,83344.16568645874,16.34679358980113
13,17498325922731572,2025-06-13,16:36:32.273,NA,221256.55689750952,17.755360684269068
13,17498325927891572,2025-06-13,16:36:32.789,NA,7846.646442155659,12.93786048070346
13,17498325933011572,2025-06-13,16:36:33.301,NA,2450.9570641345135,11.259129495956692
13,17498325938191572,2025-06-13,16:36:33.819,NA,900.5994291783827,9.814741753039895
13,17498325943211572,2025-06-13,16:36:34.321,NA,7626.249308839799,12.89675797947483
13,17498325948391572,2025-06-13,16:36:34.839,NA,1910.0416119098365,10.899388353625739
13,17498325953591572,2025-06-13,16:36:35.359,NA,840.8283378035823,9.71566748195751
13,17498325958871572,2025-06-13,16:36:35.887,NA,10805.234683632143,13.399442786613635
13,17498325968011572,2025-06-13,16:36:36.801,NA,5283.702992552014,12.367333656770057
13,17498325983631572,2025-06-13,16:36:38.363,NA,4773.678589554273,12.220885718097678
13,17498325993971572,2025-06-13,16:36:39.397,NA,2429.117832170658,11.24621675889486
13,17498326005251572,2025-06-13,16:36:40.525,NA,3007.8394905713894,11.554511866193868
13,17498326014851572,2025-06-13,16:36:41.485,NA,47620.03305506964,15.539281001593405
13,17498326020771572,2025-06-13,16:36:42.077,NA,11878.67304772621,13.536086062961878
13,17498326026011572,2025-06-13,16:36:42.601,NA,321.6044845666835,8.32914371388176
13,17498326031231572,2025-06-13,16:36:43.123,NA,956.8560688946466,9.90215811938834
13,17498326036231572,2025-06-13,16:36:43.623,NA,1904.6494492375846,10.895309778766936
13,17498326041251572,2025-06-13,16:36:44.125,NA,1262.1701399497304,10.301690682713959
13,17498326046291572,2025-06-13,16:36:44.629,NA,182.5944011179317,7.5124987184964604
13,17498326051331572,2025-06-13,16:36:45.133,NA,1513.0302610703848,10.563225126849646
13,17498326056391572,2025-06-13,16:36:45.639,NA,181.17201409010033,7.501216307125375
13,17498326061411572,2025-06-13,16:36:46.141,NA,582.7763699857298,9.18679857095968
13,17498326066471572,2025-06-13,16:36:46.647,NA,980.7188117838165,9.937695741106646
13,17498326071551572,2025-06-13,16:36:47.155,NA,280.8235162442379,8.133519942184947
13,17498326076671572,2025-06-13,16:36:47.667,NA,731.2008872237332,9.514124010707501
13,17498326081911572,2025-06-13,16:36:48.191,NA,925.6536599696941,9.854328689406238
13,17498326087091572,2025-06-13,16:36:48.709,NA,396.1087857554903,8.629752890576224
13,17498326092271572,2025-06-13,16:36:49.227,NA,760.2208775033803,9.570274835412654
13,17498326097491572,2025-06-13,16:36:49.749,NA,212.18080202426484,7.729150317858951
13,17498326102631572,2025-06-13,16:36:50.263,NA,309.18382370426986,8.272321030149648
13,17498326107791572,2025-06-13,16:36:50.779,NA,670.2635688135828,9.388584710192067
13,17498326113031572,2025-06-13,16:36:51.303,NA,1046.1152038507737,10.030826022358056
13,17498326118191572,2025-06-13,16:36:51.819,NA,1465.9706509442133,10.517640505349993
13,17498326123451572,2025-06-13,16:36:52.345,NA,1476.6291297879573,10.528091808935395
13,17498326128671572,2025-06-13,16:36:52.867,NA,217.35627115210698,7.763917910555329
13,17498326133891572,2025-06-13,16:36:53.389,NA,811.4357322341164,9.66433302397026
13,17498326139071572,2025-06-13,16:36:53.907,NA,741.7011747281759,9.53469424377421
13,17498326144311572,2025-06-13,16:36:54.431,NA,395.63583292960504,8.628029287380105
13,17498326149451572,2025-06-13,16:36:54.945,NA,279.5444524516883,8.126933904801454
13,17498326154651572,2025-06-13,16:36:55.465,NA,798.2862033562859,9.640762267220202
13,17498326159891572,2025-06-13,16:36:55.989,NA,531.3217707945811,9.05344201791394
13,17498326165211572,2025-06-13,16:36:56.521,NA,938.1495542769836,9.873674116795913
13,17498326170411572,2025-06-13,16:36:57.041,NA,2553.7403665638435,11.318396141374174
13,17498326175691572,2025-06-13,16:36:57.569,NA,268.17079784516415,8.06700833493016
13,17498326180851572,2025-06-13,16:36:58.085,tag3,617.6031493163982,9.27053629907043
13,17498326186051572,2025-06-13,16:36:58.605,tag3,6158.953430445095,12.588469504253704
13,17498326191131572,2025-06-13,16:36:59.113,tag3,67952.16242217242,16.052231841743072
13,17498326196271572,2025-06-13,16:36:59.627,tag3,3799509.923034556,21.857381914932052
13,17498326201351572,2025-06-13,16:37:00.135,tag3,1885265.9899305236,20.84633665530169
13,17498326206511572,2025-06-13,16:37:00.651,tag3,2276826.1221911306,21.118592688540936
13,17498326211711572,2025-06-13,16:37:01.171,tag3,1808023.4631921689,20.785981969428683
13,17498326216871572,2025-06-13,16:37:01.687,tag3,1838443.6980910015,20.81005356434313
13,17498326222051572,2025-06-13,16:37:02.205,tag3,751826.8187346831,19.520040853724947
13,17498326227131572,2025-06-13,16:37:02.713,tag3,419561.2675784655,18.67852197396384
13,17498326232271572,2025-06-13,16:37:03.227,tag3,589675.2466704734,19.169561108557144
13,17498326237471572,2025-06-13,16:37:03.747,tag3,346172.9220973936,18.40113335487903
13,17498326242611572,2025-06-13,16:37:04.261,tag3,135316.52905215186,17.04597855118719
13,17498326247711572,2025-06-13,16:37:04.771,tag3,185944.4732277228,17.50451234222833
13,17498326252831572,2025-06-13,16:37:05.283,tag3,150743.4189542415,17.201735493813732
13,17498326257951572,2025-06-13,16:37:05.795,tag3,184872.57105435562,17.496171667057403
13,17498326263131572,2025-06-13,16:37:06.313,tag3,115977.9728490876,16.823491301522747
13,17498326268291572,2025-06-13,16:37:06.829,tag3,269267.2410083155,18.038679196999656
13,17498326273491572,2025-06-13,16:37:07.349,tag3,335299.98358815257,18.355092886953265
13,17498326278691572,2025-06-13,16:37:07.869,tag3,414406.3416935381,18.660686555308317
13,17498326283871572,2025-06-13,16:37:08.387,tag3,63914.295448487974,15.963851028499954
13,17498326289071572,2025-06-13,16:37:08.907,tag3,57162.267330095136,15.802775521333256
13,17498326294231572,2025-06-13,16:37:09.423,tag3,64737.04306385483,15.98230384990751
13,17498326299411572,2025-06-13,16:37:09.941,tag3,147121.126620909,17.166644907179773
13,17498326304591572,2025-06-13,16:37:10.459,tag3,379016.33793909766,18.53190051321758
13,17498326309751572,2025-06-13,16:37:10.975,tag3,1290476.4969959438,20.29947243568735
13,17498326314911572,2025-06-13,16:37:11.491,tag3,2717334.0069478587,21.373760477744217
13,17498326320071572,2025-06-13,16:37:12.007,tag3,537248.865691345,19.03523100609043
13,17498326325191572,2025-06-13,16:37:12.519,tag3,1848476.8505318542,20.817905545317807
13,17498326330311572,2025-06-13,16:37:13.031,tag3,1211265.3778558888,20.208083551097122
13,17498326335451572,2025-06-13,16:37:13.545,tag3,980082.8128014028,19.902544130369005
13,17498326340611572,2025-06-13,16:37:14.061,tag3,1497534.6762817276,20.514157979163258
13,17498326345831572,2025-06-13,16:37:14.583,tag3,734712.3481036985,19.48681999623322
13,17498326350991572,2025-06-13,16:37:15.099,tag3,1657387.704283918,20.660479693682554
13,17498326356151572,2025-06-13,16:37:15.615,tag3,630601.1267267433,19.26636822219614
13,17498326361231572,2025-06-13,16:37:16.123,tag3,1418312.849421609,20.435744364614422
13,17498326366371572,2025-06-13,16:37:16.637,tag3,1354047.151277015,20.36884654732801
13,17498326371451572,2025-06-13,16:37:17.145,tag3,2436809.9356103414,21.216562298577575
13,17498326376591572,2025-06-13,16:37:17.659,tag3,1657387.7042839145,20.66047969368255
13,17498326381731572,2025-06-13,16:37:18.173,tag3,2173955.6306801583,21.051891065323748
13,17498326386851572,2025-06-13,16:37:18.685,tag3,1685110.024449878,20.684411360461954
13,17498326391951572,2025-06-13,16:37:19.195,tag3,2617720.2588029695,21.31987950205379
13,17498326397071572,2025-06-13,16:37:19.707,tag3,1030739.7409322467,19.975248671316752
13,17498326402191572,2025-06-13,16:37:20.219,tag3,1534988.86414254,20.549796758662556
13,17498326407371572,2025-06-13,16:37:20.737,tag3,3336384.459814185,21.66985411299548
13,17498326412451572,2025-06-13,16:37:21.245,tag3,5341005.463156372,22.348679929245023
13,17498326417591572,2025-06-13,16:37:21.759,tag3,3637443.067989515,21.794493236954175
13,17498326422771572,2025-06-13,16:37:22.277,tag3,1603254.7360021176,20.612572238216192
13,17498326427871572,2025-06-13,16:37:22.787,tag3,1902204.260452348,20.85924074176833
13,17498326433031572,2025-06-13,16:37:23.303,tag3,1452365.4034045488,20.46997303874516
13,17498326438091572,2025-06-13,16:37:23.809,tag3,1606550.1165501173,20.61553455590416
13,17498326443251572,2025-06-13,16:37:24.325,tag3,589675.2466704726,19.169561108557144
13,17498326448351572,2025-06-13,16:37:24.835,tag3,586536.1836772448,19.161860585932722
13,17498326453431572,2025-06-13,16:37:25.343,tag3,446563.69972382573,18.768506456549062
13,17498326458691572,2025-06-13,16:37:25.869,NA,31007.876369971,14.92034710332577
13,17498326463831572,2025-06-13,16:37:26.383,NA,25581.618887362572,14.642819945053882
13,17498326469011572,2025-06-13,16:37:26.901,NA,46718.62379962138,15.511710156620463
13,17498326474251572,2025-06-13,16:37:27.425,NA,344198.10520535265,18.392879629867323
13,17498326479611572,2025-06-13,16:37:27.961,NA,42995.26437649964,15.391890145485647
13,17498326484771572,2025-06-13,16:37:28.477,NA,14595.518904775527,13.833237882478604
13,17498326489871572,2025-06-13,16:37:28.987,NA,31157.401820362666,14.927287313296901
13,17498326495191572,2025-06-13,16:37:29.519,NA,26416.566635601193,14.689155351067265
13,17498326500491572,2025-06-13,16:37:30.049,NA,24656.67774813041,14.589690803005222
13,17498326505691572,2025-06-13,16:37:30.569,NA,17136.45613783646,14.06478116688823
13,17498326510951572,2025-06-13,16:37:31.095,NA,32287.811068631592,14.978702017234896
13,17498326516211572,2025-06-13,16:37:31.621,NA,16894.557089453985,14.044270908611443
13,17498326521531572,2025-06-13,16:37:32.153,NA,20097.666756968472,14.294740400678
13,17498326526831572,2025-06-13,16:37:32.683,NA,67377.75259052131,16.039984687193098
13,17498326532111572,2025-06-13,16:37:33.211,NA,24162.274727889973,14.560468661371536
13,17498326537331572,2025-06-13,16:37:33.733,NA,36217.93147547765,15.144416531158102
13,17498326542471572,2025-06-13,16:37:34.247,NA,19631.524017086096,14.260884554724734
13,17498326547611572,2025-06-13,16:37:34.761,NA,16208.779649342481,13.984487854728334
13,17498326552711572,2025-06-13,16:37:35.271,NA,17045.417617741867,14.057096325912875
13,17498326558011572,2025-06-13,16:37:35.801,NA,17730.92111097839,14.113979864896187
13,17498326563151572,2025-06-13,16:37:36.315,NA,12390.680365894634,13.596967786846625
13,17498326568411572,2025-06-13,16:37:36.841,NA,57343.15326696883,15.80733361927852
13,17498326573631572,2025-06-13,16:37:37.363,NA,164131.00045605763,17.324488229926356
13,17498326578871572,2025-06-13,16:37:37.887,NA,39018.98982815928,15.251888807707306
13,17498326584111572,2025-06-13,16:37:38.411,NA,30001.47225325604,14.872745678949109
13,17498326589391572,2025-06-13,16:37:38.939,NA,17826.014539085158,14.121696567234316
13,17498326594671572,2025-06-13,16:37:39.467,NA,26772.263255537015,14.708451485264058
13,17498326599931572,2025-06-13,16:37:39.993,NA,19327.34143397992,14.238355581309856
13,17498326605171572,2025-06-13,16:37:40.517,NA,16166.26348988256,13.980698646639393
13,17498326610451572,2025-06-13,16:37:41.045,NA,13107.805819234456,13.678138585426305
13,17498326615751572,2025-06-13,16:37:41.575,NA,14677.120341606347,13.841281318002252
13,17498326620951572,2025-06-13,16:37:42.095,NA,21781.09159343988,14.410788638332416
13,17498326626051572,2025-06-13,16:37:42.605,NA,15993.165096961657,13.96516786044532
13,17498326631311572,2025-06-13,16:37:43.131,NA,11619.234964743826,13.504227461294922
13,17498326636431572,2025-06-13,16:37:43.643,NA,20328.416585386447,14.311210225161235
13,17498326641611572,2025-06-13,16:37:44.161,NA,16559.168103567416,14.015342576359854
13,17498326646831572,2025-06-13,16:37:44.683,NA,20516.59107474344,14.324503420040365
13,17498326651891572,2025-06-13,16:37:45.189,NA,24900.667355125188,14.603896787586894
13,17498326656971572,2025-06-13,16:37:45.697,NA,18090.225460994316,14.14292276812947
13,17498326662091572,2025-06-13,16:37:46.209,NA,9828.436584695552,13.262746229112842
13,17498326667251572,2025-06-13,16:37:46.725,NA,9811.329689049728,13.260232956866032
13,17498326672431572,2025-06-13,16:37:47.243,NA,73855.00972612073,16.17240816461395
13,17498326677631572,2025-06-13,16:37:47.763,NA,51179.10673683967,15.643267346825638
13,17498326682771572,2025-06-13,16:37:48.277,NA,177893.8071255393,17.44065676253045
13,17498326687891572,2025-06-13,16:37:48.789,NA,32077.914125133655,14.96929271276488
13,17498326692971572,2025-06-13,16:37:49.297,NA,22421.60890617962,14.452602184797378
13,17498326698071572,2025-06-13,16:37:49.807,NA,17247.75030021987,14.074120576664718
13,17498326703291572,2025-06-13,16:37:50.329,NA,8780.304421810157,13.100055244949171
13,17498326708451572,2025-06-13,16:37:50.845,NA,35336.81394198308,15.108884348207757
13,17498326713551572,2025-06-13,16:37:51.355,NA,23144.934623298992,14.498408867053932
13,17498326718771572,2025-06-13,16:37:51.877,NA,11179.589479762697,13.448579592204224
13,17498326724031572,2025-06-13,16:37:52.403,NA,11887.352264533643,13.537139790999191
13,17498326729231572,2025-06-13,16:37:52.923,NA,25969.003787795467,14.664503050555604
13,17498326734351572,2025-06-13,16:37:53.435,NA,10157.409956240703,13.310244954922211
13,17498326739551572,2025-06-13,16:37:53.955,NA,5340.6403979123415,12.382797030975219
13,17498326744771572,2025-06-13,16:37:54.477,NA,3221.3237437572993,11.653437943843663
13,17498326750031572,2025-06-13,16:37:55.003,NA,4983.909647532878,12.283062198883192
13,17498326755271572,2025-06-13,16:37:55.527,NA,6664.882577018154,12.7023637425651
13,17498326760471572,2025-06-13,16:37:56.047,NA,9113.760093927356,13.15383067893877
13,17498326765631572,2025-06-13,16:37:56.563,NA,5433.959724373984,12.407788157240516
13,17498326770871572,2025-06-13,16:37:57.087,NA,10659.198188496472,13.379811298604672
13,17498326776011572,2025-06-13,16:37:57.601,NA,4796.954081816686,12.227902914267691
13,17498326781251572,2025-06-13,16:37:58.125,NA,9574.560137044899,13.22499049465733
13,17498326786491572,2025-06-13,16:37:58.649,NA,13719.218306126733,13.743910661497331
13,17498326791671572,2025-06-13,16:37:59.167,NA,21721.464724655572,14.406833769972945
13,17498326796751572,2025-06-13,16:37:59.675,NA,16274.99265710479,13.990369272030321
13,17498326801951572,2025-06-13,16:38:00.195,NA,6072.174049461755,12.567997428626372
13,17498326807191572,2025-06-13,16:38:00.719,NA,2156.3863878385678,11.074399992378527
13,17498326812411572,2025-06-13,16:38:01.241,NA,3478.5935056650214,11.764288385975506
13,17498326817631572,2025-06-13,16:38:01.763,NA,5479.854091479102,12.419921764654106
13,17498326822871572,2025-06-13,16:38:02.287,NA,8632.636080896616,13.075585455899722
13,17498326828011572,2025-06-13,16:38:02.801,NA,5159.972660601541,12.333147706411573
