Subject_cm,Timestamp,SampleDate_cm,SampleTime_cm,Configuration_cm,Scenario_cm,DisTime_cm,MarkingTxt_cm,Application_cm,EntId_cm,Site_cm,ExerciseId_cm,ForceId_cm,Category_cm,Country_cm,Domain_cm,Kind_cm,Extra_cm,Specific_cm,Subcategory_cm,AltCategory_cm,AltCountry_cm,AltDomain_cm,AltKind_cm,ECEF_X_cm,ECEF_Y_cm,ECEF_Z_cm,OriPhi_cm,OriPsi_cm,OriTheta_cm,LinVelX_cm,LinVelY_cm,LinVelZ_cm,LinAccX_cm,LinAccY_cm,LinAccZ_cm,AngVelX_cm,AngVelY_cm,AngVelZ_cm,DrAlg_cm,Appearance_cm,Latitude_cm,Longitude_cm,Altitude_cm,Heading_cm,Pitch_cm,Roll_cm,CalibratedAirspeed_cm,CM_Altitude_Lead_cm,CM_Altitude_Wing_cm,CM_Airspeed_cm,Subject_ac,SampleDate_ac,SampleTime_ac,Configuration_ac,Scenario_ac,DisTime_ac,MarkingTxt_ac,Application_ac,EntId_ac,Site_ac,ExerciseId_ac,ForceId_ac,Category_ac,Country_ac,Domain_ac,Kind_ac,Extra_ac,Specific_ac,Subcategory_ac,AltCategory_ac,AltCountry_ac,AltDomain_ac,AltKind_ac,ECEF_X_ac,ECEF_Y_ac,ECEF_Z_ac,OriPhi_ac,OriPsi_ac,OriTheta_ac,LinVelX_ac,LinVelY_ac,LinVelZ_ac,LinAccX_ac,LinAccY_ac,LinAccZ_ac,AngVelX_ac,AngVelY_ac,AngVelZ_ac,DrAlg_ac,Appearance_ac,Latitude_ac,Longitude_ac,Altitude_ac,Heading_ac,Pitch_ac,Roll_ac,CalibratedAirspeed_ac,CM_Altitude_Lead_ac,CM_Altitude_Wing_ac,CM_Airspeed_ac,Bank_Angle_Condition,distance_nm,Distance_Condition,angle_between_vel,angle_between_pos,Cone_Condition,angle_between_pos_nose,Nose_Cone_Condition,Intercept_Criteria
11,1970-07-23 11:41:39.592455580,2025-09-17,2025-09-26 17:25:59.245,AA,D,441494854,JASSM,3,105,76,2,2,1,225,9,2,0,1,26,0,0,0,0,-171305.56286795562,-4793410.872041549,4194623.352018833,-2.29541,0.0350898,-0.0800546,91.125,3.25,7.375,0.0,0.0,0.0,0.0,0.0,0.0,2,0,41.36113772215921,-92.04674931113313,10000.00054238077,83.87915846735049,-0.0051871873466388,0.0066288575475706,,8951.965087688533,11182.851152867626,150,11,2025-09-17,2025-09-26 17:25:59.225,AA,D,1540268956,AMBUSH51,1,1,48,2,1,1,225,2,1,0,0,9,1,225,2,1,-157570.27312717336,-4791428.788178506,4196955.197341805,2.32062,3.05294,-0.0560199,-120.696,12.7358,8.73845,-0.136517,-7.40762,6.70927,0.0232059,-0.00210036,-0.00976527,4,0,41.391472101152296,-91.88354237577134,9020.561699861122,-85.47997562241444,-0.2713030187446313,1.469915907780267,198.801,8951.965087688533,11182.851152867626,150,True,7.571792911490909,False,168.11036552283505,172.15137192377108,False,19.690467617064908,True,False
11,1970-07-23 11:41:39.601375037,2025-09-17,2025-09-26 17:26:00.137,AA,D,442628248,JASSM,3,105,76,2,2,1,225,9,2,0,1,26,0,0,0,0,-171218.9581316275,-4793407.855439986,4194630.288542271,-2.29541,0.0348022,-0.079767,91.125,3.125,7.25,0.0,0.0,0.0,0.0,0.0,0.0,2,0,41.36122089597297,-92.04571672829788,10000.000643646828,83.90306863389483,-0.0030337879845665,0.0053119246611183,,8951.965087688533,11182.851152867626,150,11,2025-09-17,2025-09-26 17:26:00.226,AA,D,1541461956,AMBUSH51,1,1,48,2,1,1,225,2,1,0,0,9,1,225,2,1,-157691.2326399856,-4791415.728666768,4196964.028493039,2.3427,3.04859,-0.0609105,-120.934,12.9445,9.19614,-0.0917456,-7.33877,6.62348,0.0241817,6.13775e-05,0.00467406,4,0,41.39158573455559,-91.88499237667796,9017.382111965244,-85.10627181991963,-0.2708014094276686,2.7185956041840678,199.095,8951.965087688533,11182.851152867626,150,True,7.463756547506556,False,168.0110840195713,171.82187442705612,False,20.115235766872498,True,False
11,1970-07-23 11:41:39.611352330,2025-09-17,2025-09-26 17:26:01.135,AA,D,443808484,JASSM,3,105,76,2,2,1,225,9,2,0,1,26,0,0,0,0,-171128.773561315,-4793404.713838424,4194637.510221958,-2.29541,0.0348022,-0.079767,91.125,3.125,7.25,0.0,0.0,0.0,0.0,0.0,0.0,2,0,41.36130748919796,-92.0446414606636,10000.00071812208,83.90377917566363,-0.0022221051102657,0.0053123156006936,,8951.965087688533,11182.851152867626,150,11,2025-09-17,2025-09-26 17:26:01.225,AA,D,1542654954,AMBUSH51,1,1,48,2,1,1,225,2,1,0,0,9,1,225,2,1,-157812.34443129494,-4791402.468870337,4196973.219060699,2.36747,3.04442,-0.0643479,-121.114,13.3091,9.73834,-0.176004,-7.33623,6.74183,0.0223362,0.0067817,-0.000182052,4,0,41.3917029378872,-91.88644428085044,9014.50948891644,-84.8014623804632,-0.3179831594947848,4.121394817232798,199.62,8951.965087688533,11182.851152867626,150,True,7.353890295232029,False,167.72097941273856,171.59182381256153,False,20.632439711510152,True,False
11,1970-07-23 11:41:39.621393153,2025-09-17,2025-09-26 17:26:02.139,AA,D,444999912,JASSM,3,105,76,2,2,1,225,9,2,0,1,26,0,0,0,0,-171037.73401053375,-4793401.540986861,4194644.800261021,-2.29541,0.0348022,-0.079767,91.125,3.125,7.25,0.0,0.0,0.0,0.0,0.0,0.0,2,0,41.361394901174606,-92.04355599685934,10000.00122508485,83.90449645635063,-0.0014027268339486,0.005312718221761,,8951.965087688533,11182.851152867626,150,11,2025-09-17,2025-09-26 17:26:02.126,AA,D,1543728652,AMBUSH51,1,1,48,2,1,1,225,2,1,0,0,9,1,225,2,1,-157922.60778999547,-4791389.951435344,4196982.173647225,2.37869,3.04287,-0.0706402,-121.192,13.7103,10.4147,-0.159358,-7.51193,6.78754,0.00428707,0.00339241,0.0251013,4,0,41.39181624098868,-91.88776631280294,9012.07918204406,-84.47358522394798,-0.1444161946874805,4.756973407991083,199.694,8951.965087688533,11182.851152867626,150,True,7.249291014842154,False,167.36759711870536,171.36764926812955,False,21.20517454907862,True,False
11,1970-07-23 11:41:39.630432391,2025-09-17,2025-09-26 17:26:03.043,AA,D,446134798,JASSM,3,105,76,2,2,1,225,9,2,0,1,26,0,0,0,0,-170951.01501639312,-4793398.517549361,4194651.742643833,-2.29541,0.0348981,-0.079767,91.125,3.125,7.25,0.0,0.0,0.0,0.0,0.0,0.0,2,0,41.3614781507585,-92.04252204481,9999.999178793702,83.90154974480585,-0.0047218532197949,0.0057509765394907,,8951.965087688533,11182.851152867626,150,11,2025-09-17,2025-09-26 17:26:03.059,AA,D,1544842118,AMBUSH51,1,1,48,2,1,1,225,2,1,0,0,9,1,225,2,1,-158034.50385175715,-4791376.813774892,4196992.019079499,2.36908,3.0363,-0.0776742,-121.192,14.2484,11.0556,-0.118714,-7.38571,6.47125,-0.0123452,0.00420384,0.00458667,4,0,41.39193891249303,-91.88910809682577,9010.194502365728,-83.92394510954153,-0.1569746505605479,4.176796449143815,199.767,8951.965087688533,11182.851152867626,150,True,7.146397208997131,False,166.9801343086885,171.13376235761183,False,21.825487226092775,True,False
11,1970-07-23 11:41:39.641525271,2025-09-17,2025-09-26 17:26:04.152,AA,D,447386754,JASSM,3,105,76,2,2,1,225,9,2,0,1,26,0,0,0,0,-170855.35022147125,-4793395.181611861,4194659.400846958,-2.29541,0.0348981,-0.079767,91.125,3.125,7.25,0.0,0.0,0.0,0.0,0.0,0.0,2,0,41.36156997873926,-92.04138142902632,9999.999192461044,83.9023034728052,-0.0038608476026201,0.0057513414105568,,8951.965087688533,11182.851152867626,150,11,2025-09-17,2025-09-26 17:26:04.226,AA,D,1546233950,AMBUSH51,1,1,48,2,1,1,225,2,1,0,0,9,1,225,2,1,-158177.17121788475,-4791359.470457759,4197005.237111639,2.29626,3.03501,-0.0802341,-121.227,14.586,11.6565,0.03316,-7.42647,6.45729,-0.140235,-0.00545012,0.004337,4,0,41.39210331257712,-91.89081911154231,9007.785617251568,-83.7665467155052,-0.1133906302133195,-0.0014103372008014,200.024,8951.965087688533,11182.851152867626,150,True,7.0234514770477,False,166.67080887147367,170.83224141518173,False,22.43198571552353,True,False
11,1970-07-23 11:41:39.651498027,2025-09-17,2025-09-26 17:26:05.149,AA,D,448580224,JASSM,3,105,76,2,2,1,225,9,2,0,1,26,0,0,0,0,-170764.15442069,-4793392.000947799,4194666.700651646,-2.29541,0.0348981,-0.079767,91.125,3.125,7.25,0.0,0.0,0.0,0.0,0.0,0.0,2,0,41.361657505444015,-92.04029409452212,10000.000824998073,83.90302199339293,-0.0030400642799686,0.0057516882284956,,8951.965087688533,11182.851152867626,150,11,2025-09-17,2025-09-26 17:26:05.159,AA,D,1547347416,AMBUSH51,1,1,48,2,1,1,225,2,1,0,0,9,1,225,2,1,-158289.36733069393,-4791345.841217654,4197015.754679149,2.21967,3.03333,-0.0844207,-121.397,14.4959,11.4406,-0.0657721,-7.44114,6.59514,-0.0522406,0.00418928,-0.00201298,4,0,41.39223335155456,-91.8921646858961,9006.18908902843,-83.52433071770993,-0.0249688900305834,-4.397800864073094,200.329,8951.965087688533,11182.851152867626,150,True,6.918408779049051,False,166.785029111347,170.5756471370409,False,22.577119321677177,True,False
11,1970-07-23 11:41:39.661352791,2025-09-17,2025-09-26 17:26:06.135,AA,D,449771762,JASSM,3,105,76,2,2,1,225,9,2,0,1,26,0,0,0,0,-170673.10632498687,-4793388.824189986,4194673.987761021,-2.29541,0.0348981,-0.0796711,91.125,3.125,7.25,0.0,0.0,0.0,0.0,0.0,0.0,2,0,41.36174488164644,-92.03920851874004,10000.001791394994,83.90785203396115,-0.0058621594812468,0.005751745899286,,8951.965087688533,11182.851152867626,150,11,2025-09-17,2025-09-26 17:26:06.325,AA,D,1548739248,AMBUSH51,1,1,48,2,1,1,225,2,1,0,0,9,1,225,2,1,-158431.64121715818,-4791328.875839904,4197028.862256058,2.19493,3.04155,-0.0705052,-121.641,13.996,10.8,-0.298556,-7.43069,6.54967,-0.0244418,-0.000864487,-0.0113715,4,0,41.39239478995999,-91.89387086724984,9004.457396831283,-84.43372639258553,-0.2010215305413979,-5.777489567358835,200.439,8951.965087688533,11182.851152867626,150,True,6.798461594135946,False,167.17581781580685,170.25942815329233,False,22.505277954686004,True,False
11,1970-07-23 11:41:39.672515730,2025-09-17,2025-09-26 17:26:07.251,AA,D,450964954,JASSM,3,105,76,2,2,1,225,9,2,0,1,26,0,0,0,0,-170581.93176444,-4793385.641572799,4194681.283659458,-2.29541,0.0348981,-0.0796711,91.125,3.125,7.25,0.0,0.0,0.0,0.0,0.0,0.0,2,0,41.36183236854839,-92.0381214328097,10000.00060673614,83.9085703927616,-0.0050415681147602,0.0057521526548127,,8951.965087688533,11182.851152867626,150,11,2025-09-17,2025-09-26 17:26:07.325,AA,D,1549932246,AMBUSH51,1,1,48,2,1,1,225,2,1,0,0,9,1,225,2,1,-158554.4174581081,-4791315.069502931,4197039.34280904,2.22233,3.04099,-0.0706972,-121.901,13.132,10.4343,-0.142626,-7.67708,6.7136,0.0578374,0.00097892,-0.00205875,4,0,41.39252351435044,-91.89534290564698,9003.221163697794,-84.40508605494736,-0.216746776999555,-4.209965579824805,200.402,8951.965087688533,11182.851152867626,150,True,6.688257732660507,False,167.5811654427597,169.9725358228213,False,22.37494920430246,True,False
11,1970-07-23 11:41:39.680433626,2025-09-17,2025-09-26 17:26:08.043,AA,D,452099036,JASSM,3,105,76,2,2,1,225,9,2,0,1,26,0,0,0,0,-170495.27380545562,-4793382.616182174,4194688.217253208,-2.29541,0.0348981,-0.0796711,91.125,3.125,7.25,0.0,0.0,0.0,0.0,0.0,0.0,2,0,41.36191550863724,-92.03708819638204,10000.00048985332,83.90925316835595,-0.0042616276758501,0.0057525358867679,,8951.965087688533,11182.851152867626,150,11,2025-09-17,2025-09-26 17:26:08.059,AA,D,1550807112,AMBUSH51,1,1,48,2,1,1,225,2,1,0,0,9,1,225,2,1,-158643.83397337285,-4791305.3814946,4197046.73743234,2.25453,3.04455,-0.0656244,-121.963,13.0276,10.0514,-0.267741,-7.26651,6.35529,0.0332906,-0.00751407,-0.0121725,4,0,41.39261345965595,-91.89641483278936,9002.711729936791,-84.75839341171161,-0.25620888254447,-2.3494874616444874,200.476,8951.965087688533,11182.851152867626,150,True,6.597277650070118,False,167.75040666469494,169.74269648181527,False,22.44191938255679,True,False
11,1970-07-23 11:41:39.690475781,2025-09-17,2025-09-26 17:26:09.047,AA,D,453293526,JASSM,3,105,76,2,2,1,225,9,2,0,1,26,0,0,0,0,-170404.000123815,-4793379.428682174,4194695.519987583,-2.29541,0.0348981,-0.0796711,91.125,3.125,7.25,0.0,0.0,0.0,0.0,0.0,0.0,2,0,41.362003071646825,-92.035999923536,10000.00182599876,83.90997231392814,-0.0034401445610074,0.0057529441044729,,8951.965087688533,11182.851152867626,150,11,2025-09-17,2025-09-26 17:26:09.025,AA,D,1551960344,AMBUSH51,1,1,48,2,1,1,225,2,1,0,0,9,1,225,2,1,-158760.65653653926,-4791292.832410447,4197056.137293465,2.27949,3.05253,-0.0682306,-121.894,12.8032,9.94289,-0.357183,-7.66633,6.93523,0.0153142,0.00560616,-0.0106204,4,0,41.39272855036076,-91.89781526590372,9001.752187701355,-84.94956479602656,0.1851199411882162,-0.8890489637099807,200.512,8951.965087688533,11182.851152867626,150,True,6.490196482536508,False,167.85183477910851,169.4529301405632,False,22.62767784751961,True,False
11,1970-07-23 11:41:39.701717275,2025-09-17,2025-09-26 17:26:10.171,AA,D,454545784,JASSM,3,105,76,2,2,1,225,9,2,0,1,26,0,0,0,0,-170308.31213553375,-4793376.085908736,4194703.174284458,-2.29541,0.0348981,-0.0796711,91.125,3.125,7.25,0.0,0.0,0.0,0.0,0.0,0.0,2,0,41.36209485411791,-92.0348590154432,10000.0015922484,83.91072624293754,-0.0025789325464999,0.0057533677517634,,8951.965087688533,11182.851152867626,150,11,2025-09-17,2025-09-26 17:26:10.260,AA,D,1553431710,AMBUSH51,1,1,48,2,1,1,225,2,1,0,0,9,1,225,2,1,-158911.85827641652,-4791277.01043408,4197068.414441224,2.37437,3.0527,-0.0718975,-121.814,12.7038,10.4018,-0.242701,-7.47924,6.73191,0.164462,-0.00650706,-0.00323845,4,0,41.39287573625758,-91.89962766713896,9001.795210689894,-84.8000966144589,0.3332704089020749,4.548875402486947,200.402,8951.965087688533,11182.851152867626,150,True,6.363746180141061,False,167.714810433332,169.08515850963155,False,23.119538014331873,True,False
11,1970-07-23 11:41:39.711373872,2025-09-17,2025-09-26 17:26:11.137,AA,D,455736992,JASSM,3,105,76,2,2,1,225,9,2,0,1,26,0,0,0,0,-170217.28894217435,-4793372.904268111,4194710.454557896,-2.29541,0.0348981,-0.0796711,91.125,3.125,7.25,0.0,0.0,0.0,0.0,0.0,0.0,2,0,41.36218215663482,-92.03377372448512,9999.999369177063,83.91144342059721,-0.0017597047338151,0.0057537756849184,,8951.965087688533,11182.851152867626,150,11,2025-09-17,2025-09-26 17:26:11.025,AA,D,1554346342,AMBUSH51,1,1,48,2,1,1,225,2,1,0,0,9,1,225,2,1,-159004.07420888482,-4791266.966132796,4197076.3817766495,2.53348,3.05239,-0.0752399,-121.513,13.5405,11.0973,-0.286798,-6.99304,6.04573,0.213287,0.00334872,0.00788649,4,0,41.39297107511452,-91.9007331870456,9001.896984438563,-84.64562194877726,0.4476826146479139,13.664955284603607,200.219,8951.965087688533,11182.851152867626,150,False,6.269533475416782,False,167.20094299809367,168.81964116217117,False,23.904762621024478,True,False
11,1970-07-23 11:41:39.720411203,2025-09-17,2025-09-26 17:26:12.041,AA,D,456870386,JASSM,3,105,76,2,2,1,225,9,2,0,1,26,0,0,0,0,-170130.68518240875,-4793369.876924361,4194717.381315708,-2.29541,0.0349939,-0.0796711,91.125,3.125,7.25,0.0,0.0,0.0,0.0,0.0,0.0,2,0,41.36226521168437,-92.03274112485764,10000.000706361385,83.90849576666263,-0.0050798739402607,0.0061915415483906,,8951.965087688533,11182.851152867626,150,11,2025-09-17,2025-09-26 17:26:12.026,AA,D,1555539340,AMBUSH51,1,1,48,2,1,1,225,2,1,0,0,9,1,225,2,1,-159126.1455827097,-4791251.940013647,4197087.957954599,2.68379,3.02896,-0.0959821,-121.04,15.6907,12.9241,-0.316942,-7.55153,6.50595,0.0944392,0.00434532,0.0439224,4,0,41.39311450348322,-91.9021973166636,9000.016211169675,-82.86995138188296,0.2357390462906438,22.172915901690715,199.742,8951.965087688533,11182.851152867626,150,False,6.1632590799047104,False,165.8816374160527,168.47999172936971,False,25.57518372259786,True,False
11,1970-07-23 11:41:39.730451236,2025-09-17,2025-09-26 17:26:13.045,AA,D,458003780,JASSM,3,105,76,2,2,1,225,9,2,0,1,26,0,0,0,0,-170044.078248815,-4793366.848604049,4194724.307096958,-2.29541,0.0349939,-0.0796711,91.125,3.125,7.25,0.0,0.0,0.0,0.0,0.0,0.0,2,0,41.362348257344586,-92.03170848512885,10000.001126092102,83.90917815380892,-0.0043003939706438,0.0061918779352783,,8951.965087688533,11182.851152867626,150,11,2025-09-17,2025-09-26 17:26:13.025,AA,D,1556732340,AMBUSH51,1,1,48,2,1,1,225,2,1,0,0,9,1,225,2,1,-159246.33146762275,-4791234.172059104,4197101.797871462,2.78574,2.99557,-0.113277,-120.428,19.2158,15.3596,-0.327399,-7.39691,6.27989,0.0975976,0.00358591,0.034464,4,0,41.3932898782557,-91.90364001890752,8996.15538688281,-80.86560980145242,-0.5245246547251021,27.80909756888367,199.889,8951.965087688533,11182.851152867626,150,False,6.058713957526903,False,163.91770019846305,168.1137357582589,False,27.92827482340171,True,False
11,1970-07-23 11:41:39.740330293,2025-09-17,2025-09-26 17:26:14.033,AA,D,459137176,JASSM,3,105,76,2,2,1,225,9,2,0,1,26,0,0,0,0,-169957.472780065,-4793363.819307174,4194731.231901646,-2.29541,0.0349939,-0.0796711,91.125,3.25,7.25,0.0,0.0,0.0,0.0,0.0,0.0,2,0,41.36243129263693,-92.03067586067566,10000.001033540391,83.90986053198861,-0.0035209274888579,0.0061922146176368,,8951.965087688533,11182.851152867626,150,11,2025-09-17,2025-09-26 17:26:14.159,AA,D,1558084404,AMBUSH51,1,1,48,2,1,1,225,2,1,0,0,9,1,225,2,1,-159382.62351353484,-4791209.457796102,4197120.670635657,2.86318,2.9622,-0.133864,-119.506,24.0675,18.4509,-0.376049,-7.69979,6.82424,0.0495379,0.0200538,0.0571342,4,0,41.39353734467584,-91.90527788238134,8987.451200038004,-78.72097376431705,-1.14671635545985,31.978940323499923,200.109,8951.965087688533,11182.851152867626,150,False,5.947435413001326,False,161.22998952268983,167.72725296653707,False,31.02797924920272,False,False
11,1970-07-23 11:41:39.749392541,2025-09-17,2025-09-26 17:26:14.939,AA,D,460330222,JASSM,3,105,76,2,2,1,225,9,2,0,1,26,0,0,0,0,-169866.30896170562,-4793360.629854049,4194738.519987583,-2.29541,0.0349939,-0.0796711,91.125,3.25,7.25,0.0,0.0,0.0,0.0,0.0,0.0,2,0,41.36251868452356,-92.02958888304148,10000.000779699982,83.91057882901846,-0.0027004355963055,0.0061925651950974,,8951.965087688533,11182.851152867626,150,11,2025-09-17,2025-09-26 17:26:15.059,AA,D,1559158104,AMBUSH51,1,1,48,2,1,1,225,2,1,0,0,9,1,225,2,1,-159490.579001378,-4791185.744168357,4197138.640388653,2.92547,2.92646,-0.159929,-118.458,27.9858,21.5124,-0.342909,-7.95524,7.07341,0.0600824,0.0300948,0.0433003,4,0,41.39377835040432,-91.90657687181964,8976.938947775876,-76.25361245446281,-1.6413981960082815,35.188004710543325,200.451,8951.965087688533,11182.851152867626,150,False,5.848455986714595,False,158.89073411178737,167.31035560592426,False,33.78953341471984,False,False
11,1970-07-23 11:41:39.759411021,2025-09-17,2025-09-26 17:26:15.941,AA,D,461464982,JASSM,3,105,76,2,2,1,225,9,2,0,1,26,0,0,0,0,-169779.59912283844,-4793357.594697799,4194745.451628208,-2.29541,0.0349939,-0.0795753,91.125,3.25,7.25,0.0,0.0,0.0,0.0,0.0,0.0,2,0,41.362601803766445,-92.02855500968867,9999.999956029473,83.91537468770217,-0.0055616107149572,0.0061926366876067,,8951.965087688533,11182.851152867626,150,11,2025-09-17,2025-09-26 17:26:15.959,AA,D,1560231802,AMBUSH51,1,1,48,2,1,1,225,2,1,0,0,9,1,225,2,1,-159595.76460254687,-4791158.550306203,4197159.329458514,2.97276,2.89122,-0.188544,-116.95,32.5358,25.0024,-0.310287,-8.34713,6.84007,0.0230311,0.0253905,0.0592127,4,0,41.39405895070824,-91.9078441696012,8963.544583977307,-73.70014694376076,-1.9926845567010487,37.46668391760015,200.635,8951.965087688533,11182.851152867626,150,False,5.754266716768111,False,156.1663806490825,166.8665396135577,False,36.96210898077873,False,False
11,1970-07-23 11:41:39.769452137,2025-09-17,2025-09-26 17:26:16.945,AA,D,462656662,JASSM,3,105,76,2,2,1,225,9,2,0,1,26,0,0,0,0,-169688.53979666656,-4793354.407197799,4194752.729948521,-2.29541,0.0349939,-0.0795753,91.125,3.25,7.25,0.0,0.0,0.0,0.0,0.0,0.0,2,0,41.36268907606093,-92.0274692730049,10000.00082787026,83.9160921670931,-0.0047420597995187,0.0061930462499962,,8951.965087688533,11182.851152867626,150,11,2025-09-17,2025-09-26 17:26:16.991,AA,D,1561464568,AMBUSH51,1,1,48,2,1,1,225,2,1,0,0,9,1,225,2,1,-159715.80200002706,-4791122.392490506,4197187.256564922,2.97008,2.84345,-0.222902,-114.921,37.1126,29.3433,-0.299945,-8.72647,7.24418,-0.0507884,0.0336713,0.0551472,4,0,41.39443877892915,-91.90929246072434,8945.02671913024,-70.42952868644328,-2.5972394308012623,36.622534941505705,200.891,8951.965087688533,11182.851152867626,150,False,5.65247513953067,False,153.1109865780913,166.31750172731725,False,40.5664764568233,False,False
11,1970-07-23 11:41:39.779479409,2025-09-17,2025-09-26 17:26:17.947,AA,D,463851640,JASSM,3,105,76,2,2,1,225,9,2,0,1,26,0,0,0,0,-169597.22827322906,-4793351.208955611,4194760.027800083,-2.29541,0.0349939,-0.0795753,91.125,3.25,7.25,0.0,0.0,0.0,0.0,0.0,0.0,2,0,41.36277658692027,-92.0263805271682,9999.999940333262,83.91681163625208,-0.0039202389208447,0.0061934640748715,,8951.965087688533,11182.851152867626,150,11,2025-09-17,2025-09-26 17:26:17.958,AA,D,1562617800,AMBUSH51,1,1,48,2,1,1,225,2,1,0,0,9,1,225,2,1,-159826.6391497227,-4791084.10972235,4197217.68318279,2.87065,2.80429,-0.260279,-112.607,41.2321,33.4638,-0.274414,-8.99949,7.42421,-0.176296,0.0282742,0.0482063,4,0,41.394849930214846,-91.91063171616852,8925.957866200046,-67.37345558876704,-2.68200985644236,30.24798533584925,200.818,8951.965087688533,11182.851152867626,150,False,5.556343979386579,False,150.2252570314286,165.747451567545,False,44.02146667505395,False,False
11,1970-07-23 11:41:39.789781747,2025-09-17,2025-09-26 17:26:18.978,AA,D,465045060,JASSM,3,105,76,2,2,1,225,9,2,0,1,26,0,0,0,0,-169506.03601248687,-4793348.014619674,4194767.314909458,-2.29541,0.0349939,-0.0795753,91.125,3.25,7.25,0.0,0.0,0.0,0.0,0.0,0.0,2,0,41.36286396663463,-92.02529320055422,10000.00006770874,83.91753016880685,-0.003099492222474,0.0061938747958008,,8951.965087688533,11182.851152867626,150,11,2025-09-17,2025-09-26 17:26:19.025,AA,D,1563890332,AMBUSH51,1,1,48,2,1,1,225,2,1,0,0,9,1,225,2,1,-159944.61289132555,-4791038.975464512,4197255.777185902,2.64702,2.77976,-0.305755,-110.367,43.3305,38.2198,-0.21273,-9.65189,8.03787,-0.246741,0.0291523,0.0298222,4,0,41.39535216986192,-91.91205897425093,8907.263320700853,-64.5679358022514,-1.8178329889407168,16.932379981840295,201.001,8951.965087688533,11182.851152867626,150,False,5.459087857932439,False,147.77041774189792,165.08991467559136,False,47.118878023127806,False,False
11,1970-07-23 11:41:39.799770881,2025-09-17,2025-09-26 17:26:19.977,AA,D,466235818,JASSM,3,105,76,2,2,1,225,9,2,0,1,26,0,0,0,0,-169415.046998815,-4793344.826143111,4194774.585417271,-2.29541,0.0349939,-0.0795753,91.125,3.25,7.25,0.0,0.0,0.0,0.0,0.0,0.0,2,0,41.36295114641519,-92.02420829497986,10000.000600594543,83.91824710272422,-0.0022805746579429,0.0061942896323421,,8951.965087688533,11182.851152867626,150,11,2025-09-17,2025-09-26 17:26:19.825,AA,D,1564844730,AMBUSH51,1,1,48,2,1,1,225,2,1,0,0,9,1,225,2,1,-160032.3020742137,-4791004.472544387,4197287.737167263,2.46251,2.78171,-0.332394,-109.303,42.9901,41.1109,-0.0678192,-9.83697,8.18156,-0.191027,0.0278165,0.00371698,4,0,41.3957557595657,-91.91312024362875,8898.932322832157,-63.55861058962224,-0.6675073094255238,6.373703048727196,201.001,8951.965087688533,11182.851152867626,150,True,5.375838344069069,False,146.7804356584553,164.53360156684073,False,48.63703690534386,False,False
11,1970-07-23 11:41:39.808430820,2025-09-17,2025-09-26 17:26:20.843,AA,D,467371086,JASSM,3,105,76,2,2,1,225,9,2,0,1,26,0,0,0,0,-169328.2980974478,-4793341.786104049,4194781.516081333,-2.29541,0.0350898,-0.0795753,91.125,3.25,7.25,0.0,0.0,0.0,0.0,0.0,0.0,2,0,41.36303424794088,-92.02317394366013,10000.002490223054,83.9153005574804,-0.0055994442546435,0.0066315638998289,,8951.965087688533,11182.851152867626,150,11,2025-09-17,2025-09-26 17:26:20.792,AA,D,1565997962,AMBUSH51,1,1,48,2,1,1,225,2,1,0,0,9,1,225,2,1,-160137.74373810415,-4790963.97657943,4197328.85025261,2.29713,2.80091,-0.341135,-108.906,40.3105,43.9268,-0.144154,-9.40792,7.7837,-0.132162,0.0185891,-0.0147296,4,0,41.39625325549942,-91.91439598705406,8897.182030542896,-63.93039788445208,0.424677867179471,-2.737994259895503,200.305,8951.965087688533,11182.851152867626,150,True,5.2884850369564385,False,146.5397678453687,163.87293062650758,False,49.46223230806653,False,False
11,1970-07-23 11:41:39.819450608,2025-09-17,2025-09-26 17:26:21.945,AA,D,468622974,JASSM,3,105,76,2,2,1,225,9,2,0,1,26,0,0,0,0,-169232.6379411978,-4793338.431611861,4194789.157682896,-2.29541,0.0350898,-0.0795753,91.125,3.25,7.25,0.0,0.0,0.0,0.0,0.0,0.0,2,0,41.363125881298686,-92.02203333677356,10000.001561106536,83.91605430284218,-0.0047384863725739,0.0066319447604817,,8951.965087688533,11182.851152867626,150,11,2025-09-17,2025-09-26 17:26:21.792,AA,D,1567190962,AMBUSH51,1,1,48,2,1,1,225,2,1,0,0,9,1,225,2,1,-160247.13072500337,-4790923.476156578,4197372.704323105,2.209,2.81347,-0.343513,-108.809,39.2742,43.4405,-0.165301,-8.78963,7.21338,-0.0405206,0.0111426,0.00184653,4,0,41.39676848458496,-91.9157188822464,8901.699408650926,-64.30671128636781,1.006642929026116,-7.550478915713971,199.119,8951.965087688533,11182.851152867626,150,True,5.195711955576682,False,146.937696611208,163.15621023636666,False,49.77129232943573,False,False
11,1970-07-23 11:41:39.829344147,2025-09-17,2025-09-26 17:26:22.934,AA,D,469814940,JASSM,3,105,76,2,2,1,225,9,2,0,1,26,0,0,0,0,-169141.55652029935,-4793335.237275924,4194796.432096958,-2.29541,0.0350898,-0.0795753,91.125,3.25,7.25,0.0,0.0,0.0,0.0,0.0,0.0,2,0,41.36321311093595,-92.02094732177918,10000.000988712853,83.91677197361231,-0.0039187388025636,0.006632300186695,,8951.965087688533,11182.851152867626,150,11,2025-09-17,2025-09-26 17:26:23.025,AA,D,1568662326,AMBUSH51,1,1,48,2,1,1,225,2,1,0,0,9,1,225,2,1,-160380.59211629428,-4790876.918373181,4197426.132681977,2.15672,2.83375,-0.338742,-109.07,36.797,43.1273,-0.0645647,-8.23461,7.05958,-0.0431921,0.0131067,0.000344338,4,0,41.39737957545999,-91.9173318117836,8914.079393193564,-65.26445519251584,1.60681115339743,-10.17910185897518,197.665,8951.965087688533,11182.851152867626,150,False,5.0964948746482674,False,147.72558547632977,162.306021680832,False,49.788198909239,False,False
11,1970-07-23 11:41:39.838955404,2025-09-17,2025-09-26 17:26:23.895,AA,D,470948334,JASSM,3,105,76,2,2,1,225,9,2,0,1,26,0,0,0,0,-169054.9521501822,-4793332.198213424,4194803.349089146,-2.29541,0.0350898,-0.0795753,91.125,3.25,7.25,0.0,0.0,0.0,0.0,0.0,0.0,2,0,41.36329605469876,-92.0199146872222,10000.000457253976,83.91745437016841,-0.003139284772557,0.0066326494511067,,8951.965087688533,11182.851152867626,150,11,2025-09-17,2025-09-26 17:26:23.826,AA,D,1569616726,AMBUSH51,1,1,48,2,1,1,225,2,1,0,0,9,1,225,2,1,-160467.90176128288,-4790848.118057879,4197460.385205243,2.12313,2.84258,-0.33619,-109.499,35.387,42.3749,-0.0536558,-7.95684,7.06361,-0.0214603,0.00458875,-0.00968621,4,0,41.39776474953197,-91.91838633275418,8924.74294988293,-65.70097857309632,1.852241760863212,-11.94940486721218,197.066,8951.965087688533,11182.851152867626,150,False,5.0180281675647604,False,148.42020771547314,161.68895390340063,False,49.69274322752007,False,False
11,1970-07-23 11:41:39.851775681,2025-09-17,2025-09-26 17:26:25.177,AA,D,472260686,JASSM,3,105,76,2,2,1,225,9,2,0,1,26,0,0,0,0,-168954.67028983062,-4793328.678682174,4194811.356901646,-2.29541,0.0350898,-0.0795753,91.125,3.25,7.25,0.0,0.0,0.0,0.0,0.0,0.0,2,0,41.36339207856012,-92.01871896488716,10000.000003872809,83.91824454153334,-0.0022367319975267,0.0066330461997913,,8951.965087688533,11182.851152867626,150,11,2025-09-17,2025-09-26 17:26:25.091,AA,D,1571127858,AMBUSH51,1,1,48,2,1,1,225,2,1,0,0,9,1,225,2,1,-160606.85806184117,-4790804.975186376,4197512.83039052,2.10341,2.86362,-0.31526,-110.301,33.196,40.8433,-0.0429883,-7.4134,6.6703,0.020524,0.00166968,-0.0131754,4,0,41.398347755038046,-91.92006358376015,8943.861852312937,-67.35878011093062,1.858423385528846,-12.747158132791135,196.541,8951.965087688533,11182.851152867626,150,False,4.912837753011784,False,149.6514130763748,160.7636861905212,False,49.364325584158934,False,False
11,1970-07-23 11:41:39.860449298,2025-09-17,2025-09-26 17:26:26.044,AA,D,473514876,JASSM,3,105,76,2,2,1,225,9,2,0,1,26,0,0,0,0,-168858.8339861197,-4793325.314424361,4194819.008268833,-2.29541,0.0350898,-0.0794794,91.125,3.25,7.25,0.0,0.0,0.0,0.0,0.0,0.0,2,0,41.36348382864692,-92.01757624669018,9999.999435106029,83.92311231237596,-0.0050158029248748,0.0066331906718142,,8951.965087688533,11182.851152867626,150,11,2025-09-17,2025-09-26 17:26:25.925,AA,D,1572122024,AMBUSH51,1,1,48,2,1,1,225,2,1,0,0,9,1,225,2,1,-160699.4314138522,-4790777.357667165,4197546.307741085,2.18799,2.87204,-0.302996,-110.708,32.473,39.6692,-0.146797,-7.01545,6.59725,0.147931,0.00194015,-0.0210504,4,0,41.39871958357599,-91.921180540749,8956.19986984265,-68.18686450353047,1.7134350771221103,-7.780021004971777,196.504,8951.965087688533,11182.851152867626,150,True,4.82834354022533,False,150.31624175215248,160.0720345183544,False,49.39974673629041,False,False
11,1970-07-23 11:41:39.871448220,2025-09-17,2025-09-26 17:26:27.144,AA,D,474825736,JASSM,3,105,76,2,2,1,225,9,2,0,1,26,0,0,0,0,-168758.66742117828,-4793321.796846236,4194827.005339146,-2.29541,0.0350898,-0.0794794,91.125,3.25,7.25,0.0,0.0,0.0,0.0,0.0,0.0,2,0,41.363579719914206,-92.01638189310944,10000.000661268014,83.92390158214288,-0.0041142883252742,0.006633653710472,,8951.965087688533,11182.851152867626,150,11,2025-09-17,2025-09-26 17:26:27.125,AA,D,1573553622,AMBUSH51,1,1,48,2,1,1,225,2,1,0,0,9,1,225,2,1,-160831.3253177372,-4790738.370247344,4197592.761530444,2.3569,2.8763,-0.296067,-110.714,32.5578,38.9395,-0.214961,-6.98674,6.46071,0.101534,-0.00814449,0.015541,4,0,41.39923878932892,-91.92277180055088,8971.977782918362,-68.6372945767278,1.613637539167347,1.9568455590899505,195.979,8951.965087688533,11182.851152867626,150,True,4.727321465564168,False,150.54581881360528,159.1353201891458,False,50.12958081584375,False,False
11,1970-07-23 11:41:39.881495548,2025-09-17,2025-09-26 17:26:28.149,AA,D,476080456,JASSM,3,105,76,2,2,1,225,9,2,0,1,26,0,0,0,0,-168662.79065115875,-4793318.428682174,4194834.658659458,-2.29541,0.0350898,-0.0794794,91.125,3.25,7.25,0.0,0.0,0.0,0.0,0.0,0.0,2,0,41.36367149166536,-92.01523868688328,10000.000927819388,83.92465705339755,-0.0032513830726893,0.006634095716517,,8951.965087688533,11182.851152867626,150,11,2025-09-17,2025-09-26 17:26:28.259,AA,D,1574905686,AMBUSH51,1,1,48,2,1,1,225,2,1,0,0,9,1,225,2,1,-160956.10552073328,-4790700.936523318,4197636.3141619805,2.41906,2.86404,-0.308156,-110.204,33.5095,38.9418,-0.149359,-6.75604,6.25989,-0.01469,-0.0112467,0.00868128,4,0,41.39973056573,-91.92427747721496,8984.705646425347,-67.67407578557655,1.5999118699772947,5.336694331666702,195.893,8951.965087688533,11182.851152867626,150,True,4.632424298168153,False,150.19831663540938,158.2078123630128,False,51.43300918496154,False,False
11,1970-07-23 11:41:39.895311425,2025-09-17,2025-09-26 17:26:29.531,AA,D,477390786,JASSM,3,105,76,2,2,1,225,9,2,0,1,26,0,0,0,0,-168562.66455252594,-4793314.910127486,4194842.649870396,-2.29541,0.0350898,-0.0794794,91.125,3.25,7.25,0.0,0.0,0.0,0.0,0.0,0.0,2,0,41.36376731643855,-92.0140448099585,10000.000707556092,83.92544601112266,-0.002350233828513,0.0066345550710066,,8951.965087688533,11182.851152867626,150,11,2025-09-17,2025-09-26 17:26:29.630,AA,D,1576536118,AMBUSH51,1,1,48,2,1,1,225,2,1,0,0,9,1,225,2,1,-161106.66492178006,-4790653.892348665,4197689.182882697,2.32283,2.84918,-0.308785,-109.956,34.6384,38.8615,-0.172863,-6.94362,6.46588,-0.105579,-0.00633437,0.00035058,4,0,41.40033722708834,-91.92609500372188,8996.150378380786,-67.0914256555315,1.0363091753700222,-0.4221758251353315,195.893,8951.965087688533,11182.851152867626,150,True,4.527727381276911,False,149.8793926890933,157.06867350351953,False,52.92327547880152,False,False
11,1970-07-23 11:41:39.903754312,2025-09-17,2025-09-26 17:26:30.375,AA,D,478644484,JASSM,3,105,76,2,2,1,225,9,2,0,1,26,0,0,0,0,-168466.86572440094,-4793311.541963424,4194850.295378208,-2.29541,0.0351857,-0.0794794,91.125,3.25,7.25,0.0,0.0,0.0,0.0,0.0,0.0,2,0,41.36385899591871,-92.01290252767858,10000.00049842711,83.92257088370044,-0.0055874991911986,0.0070713444147884,,8951.965087688533,11182.851152867626,150,11,2025-09-17,2025-09-26 17:26:30.491,AA,D,1577570050,AMBUSH51,1,1,48,2,1,1,225,2,1,0,0,9,1,225,2,1,-161203.08033754647,-4790623.437953736,4197722.784116058,2.21249,2.85006,-0.305784,-110.126,34.5029,38.5191,0.0411307,-6.8804,6.26611,-0.143481,-0.00750575,-0.012004,4,0,41.40072593758263,-91.92725906224037,9002.126570032327,-67.25029780453964,0.954099857248393,-6.731696142174908,196.235,8951.965087688533,11182.851152867626,150,True,4.446000027325158,False,150.0636534574956,156.22202517102642,False,53.590285665616975,False,False
11,1970-07-23 11:41:39.913447209,2025-09-17,2025-09-26 17:26:31.344,AA,D,479897592,JASSM,3,105,76,2,2,1,225,9,2,0,1,26,0,0,0,0,-168371.11194022125,-4793308.174775924,4194857.936003208,-2.29541,0.0351857,-0.0794794,91.125,3.25,7.25,0.0,0.0,0.0,0.0,0.0,0.0,2,0,41.3639506158695,-92.01176077954258,10000.00074723508,83.9233253955666,-0.0047257018468889,0.0070717316678534,,8951.965087688533,11182.851152867626,150,11,2025-09-17,2025-09-26 17:26:31.325,AA,D,1578564216,AMBUSH51,1,1,48,2,1,1,225,2,1,0,0,9,1,225,2,1,-161293.8860943399,-4790594.76016904,4197753.814502469,2.10226,2.84878,-0.295709,-110.638,34.5372,37.1903,0.0223365,-6.58925,5.96501,-0.123445,-0.00441606,-0.0208548,4,0,41.401087835438624,-91.92835540348258,9006.435741276975,-67.62113464333204,0.5064235071533619,-13.073879840044327,196.309,8951.965087688533,11182.851152867626,150,False,4.367110241339361,False,150.59758495432874,155.38197716062382,False,53.92349787797949,False,False
11,1970-07-23 11:41:39.924498669,2025-09-17,2025-09-26 17:26:32.449,AA,D,481209874,JASSM,3,105,76,2,2,1,225,9,2,0,1,26,0,0,0,0,-168270.83654959625,-4793304.647432174,4194865.936003208,-2.29541,0.0351857,-0.0794794,91.125,3.25,7.25,0.0,0.0,0.0,0.0,0.0,0.0,2,0,41.36404654731506,-92.0105651137658,10000.00016510345,83.92411553979579,-0.0038232100854911,0.007072134451913,,8951.965087688533,11182.851152867626,150,11,2025-09-17,2025-09-26 17:26:32.525,AA,D,1579995814,AMBUSH51,1,1,48,2,1,1,225,2,1,0,0,9,1,225,2,1,-161428.41576606155,-4790553.387302183,4197797.324198693,2.02884,2.86561,-0.268063,-111.875,33.4985,34.8046,-0.0802795,-6.95246,6.39238,-0.0298888,-0.00386262,-0.02486,4,0,41.40160072532305,-91.92997921766349,9010.22597778813,-69.40959683172284,0.0925431721575504,-17.02193750410298,196.871,8951.965087688533,11182.851152867626,150,False,4.271546889608654,False,151.9085469763376,154.22762933772572,False,53.789360069036405,False,False
11,1970-07-23 11:41:39.935376364,2025-09-17,2025-09-26 17:26:33.537,AA,D,482462638,JASSM,3,105,76,2,2,1,225,9,2,0,1,26,0,0,0,0,-168175.10916312164,-4793301.279268111,4194873.572721958,-2.29541,0.0351857,-0.0794794,91.125,3.25,7.25,0.0,0.0,0.0,0.0,0.0,0.0,2,0,41.36413811798781,-92.0094236746352,10000.001531018826,83.92486985027496,-0.0029616510368304,0.0070725207428594,,8951.965087688533,11182.851152867626,150,11,2025-09-17,2025-09-26 17:26:33.491,AA,D,1581149046,AMBUSH51,1,1,48,2,1,1,225,2,1,0,0,9,1,225,2,1,-161536.92897741613,-4790521.336346936,4197829.828894277,2.03888,2.88452,-0.253594,-112.927,32.1895,32.8957,-0.159361,-7.46945,6.93301,0.0506094,0.0164689,-0.0237073,4,0,41.4019890641036,-91.93128849129818,9010.918858137757,-70.73115290894184,0.2908737259779794,-16.17186304987817,197.03,8951.965087688533,11182.851152867626,150,False,4.18782152403454,False,153.09805533919476,153.22611810333254,False,53.60931691730898,False,False
11,1970-07-23 11:41:39.944386829,2025-09-17,2025-09-26 17:26:34.438,AA,D,483536378,JASSM,3,105,76,2,2,1,225,9,2,0,1,26,0,0,0,0,-168093.06128104156,-4793298.390596236,4194880.116667271,-2.29541,0.0351857,-0.0794794,91.125,3.25,7.25,0.0,0.0,0.0,0.0,0.0,0.0,2,0,41.36421659495651,-92.00844534609767,9999.998782339935,83.92551637158044,-0.0022232098178726,0.007072852668851,,8951.965087688533,11182.851152867626,150,11,2025-09-17,2025-09-26 17:26:34.425,AA,D,1582262512,AMBUSH51,1,1,48,2,1,1,225,2,1,0,0,9,1,225,2,1,-161641.73090029488,-4790492.194683939,4197859.104583306,2.07526,2.89994,-0.237603,-113.949,30.7394,31.1853,-0.276315,-7.50263,6.82199,0.0233245,0.00550629,-0.0168851,4,0,41.40233902763503,-91.93255226996187,9011.460108809168,-71.98673520901268,0.2965163202165221,-13.878469370576964,197.433,8951.965087688533,11182.851152867626,150,False,4.112391652455721,False,154.2537693223066,152.2743578441731,False,53.407379696457625,False,False
11,1970-07-23 11:41:39.953448519,2025-09-17,2025-09-26 17:26:35.344,AA,D,484669436,JASSM,3,105,76,2,2,1,225,9,2,0,1,26,0,0,0,0,-168006.48082144684,-4793295.342744674,4194887.021940708,-2.29541,0.0351857,-0.0794794,91.125,3.25,7.25,0.0,0.0,0.0,0.0,0.0,0.0,2,0,41.36429939462771,-92.00741296896456,10000.000251852727,83.92619861160287,-0.0014439750990277,0.0070731993170636,,8951.965087688533,11182.851152867626,150,11,2025-09-17,2025-09-26 17:26:35.258,AA,D,1583256678,AMBUSH51,1,1,48,2,1,1,225,2,1,0,0,9,1,225,2,1,-161738.06386632207,-4790466.6961277705,4197884.631612999,2.08802,2.90766,-0.229275,-114.827,29.536,29.9447,-0.0607968,-7.61613,6.86354,0.0234889,0.00407693,-0.00583503,4,0,41.40264369960852,-91.93371341602256,9012.13106118335,-72.62980664372657,0.2895760685243126,-13.048797616101885,197.812,8951.965087688533,11182.851152867626,150,False,4.038243709400227,False,155.15543684354978,151.3393523162677,False,53.439207029005665,False,False
11,1970-07-23 11:41:39.963329603,2025-09-17,2025-09-26 17:26:36.332,AA,D,485743460,JASSM,3,105,76,2,2,1,225,9,2,0,1,26,0,0,0,0,-167924.41133292145,-4793292.452119674,4194893.566862583,-2.29541,0.0351857,-0.0793835,91.125,3.25,7.25,0.0,0.0,0.0,0.0,0.0,0.0,2,0,41.36437787720541,-92.00643437846092,10000.000108823822,83.93095790501336,-0.0043469833525527,0.0070733520136834,,8951.965087688533,11182.851152867626,150,11,2025-09-17,2025-09-26 17:26:36.424,AA,D,1584648510,AMBUSH51,1,1,48,2,1,1,225,2,1,0,0,9,1,225,2,1,-161872.74107335933,-4790432.974559754,4197918.371106413,2.10251,2.92453,-0.215007,-115.719,27.856,28.3501,-0.187372,-7.2601,6.81336,-0.00232923,0.00575805,-0.0167249,4,0,41.40304501084746,-91.93533598344376,9013.58875951082,-73.87075896748973,0.431916280990525,-12.013351419832878,198.41,8951.965087688533,11182.851152867626,150,False,3.953874575820184,False,156.31121512566034,150.14388698103784,False,53.47423711348629,False,False
11,1970-07-23 11:41:39.972911052,2025-09-17,2025-09-26 17:26:37.291,AA,D,486877884,JASSM,3,105,76,2,2,1,225,9,2,0,1,26,0,0,0,0,-167837.7264269156,-4793289.398408736,4194900.478971958,-2.29541,0.0351857,-0.0793835,91.125,3.25,7.25,0.0,0.0,0.0,0.0,0.0,0.0,2,0,41.36446076157264,-92.00540075172626,10000.00053456475,83.93164097299453,-0.0035668090291307,0.0070737579473618,,8951.965087688533,11182.851152867626,150,11,2025-09-17,2025-09-26 17:26:37.392,AA,D,1585801742,AMBUSH51,1,1,48,2,1,1,225,2,1,0,0,9,1,225,2,1,-161984.20870114266,-4790406.610306751,4197944.580782889,2.09849,2.93451,-0.207876,-116.46,26.5228,27.047,-0.219475,-7.58097,6.89644,-0.0263809,0.0124534,-0.00201506,4,0,41.403356368631336,-91.936678316335,9014.883369405694,-74.55051869559588,0.5701821231323992,-12.129616308810515,198.557,8951.965087688533,11182.851152867626,150,False,3.8759819458649862,False,157.24446201136965,149.05338174286868,False,53.62797684530268,False,False
11,1970-07-23 11:41:39.981707682,2025-09-17,2025-09-26 17:26:38.170,AA,D,488009208,JASSM,3,105,76,2,2,1,225,9,2,0,1,26,0,0,0,0,-167751.2782915396,-4793286.352510299,4194907.371550083,-2.29541,0.0351857,-0.0793835,91.125,3.25,7.25,0.0,0.0,0.0,0.0,0.0,0.0,2,0,41.36454340904295,-92.00436994584211,10000.002117541237,83.93232217795138,-0.0027887659785386,0.0070741615014101,,8951.965087688533,11182.851152867626,150,11,2025-09-17,2025-09-26 17:26:38.058,AA,D,1586597074,AMBUSH51,1,1,48,2,1,1,225,2,1,0,0,9,1,225,2,1,-162062.01224580634,-4790389.102931835,4197962.12831329,2.05294,2.94338,-0.202723,-116.947,25.3363,26.2659,-0.269071,-7.6585,7.16535,-0.109176,-0.00725399,-0.0126386,4,0,41.4035633221149,-91.93761490023762,9016.37156982261,-75.1044021929587,0.7400158860584944,-14.6422892635451,198.85,8951.965087688533,11182.851152867626,150,False,3.810195881121152,False,157.9186057513732,148.1626852949893,False,53.83270010606031,False,False
11,1970-07-23 11:41:39.994551741,2025-09-17,2025-09-26 17:26:39.455,AA,D,489143806,JASSM,3,105,76,2,2,1,225,9,2,0,1,26,0,0,0,0,-167664.5800798697,-4793283.295869674,4194914.282682896,-2.29541,0.0352816,-0.0793835,91.125,3.25,7.25,0.0,0.0,0.0,0.0,0.0,0.0,2,0,41.36462628844972,-92.00333615624008,9999.999835043089,83.92937516470197,-0.006108104173157,0.0075104355100955,,8951.965087688533,11182.851152867626,150,11,2025-09-17,2025-09-26 17:26:39.592,AA,D,1588426340,AMBUSH51,1,1,48,2,1,1,225,2,1,0,0,9,1,225,2,1,-162242.15401783725,-4790351.969050669,4197998.981178801,1.86406,2.96211,-0.174659,-118.306,22.7602,22.1439,-0.0400672,-6.9958,6.39492,-0.102895,-0.00192767,-0.0435042,4,0,41.40399673613029,-91.93978205766405,9020.004037665993,-77.00543986640606,0.4434539713504509,-25.2823436766638,199.706,8951.965087688533,11182.851152867626,150,False,3.7108852476994882,False,160.25967791220984,146.5416885200564,False,53.13977471233508,False,False
11,1970-07-23 11:41:40.001348949,2025-09-17,2025-09-26 17:26:40.134,AA,D,490276036,JASSM,3,105,76,2,2,1,225,9,2,0,1,26,0,0,0,0,-167578.0627611441,-4793280.245088424,4194921.179167271,-2.29541,0.0352816,-0.0793835,91.125,3.25,7.25,0.0,0.0,0.0,0.0,0.0,0.0,2,0,41.36470898720886,-92.00230452120688,9999.999662748403,83.9300569198233,-0.0053294388381117,0.0075107937025778,,8951.965087688533,11182.851152867626,150,11,2025-09-17,2025-09-26 17:26:40.258,AA,D,1589221672,AMBUSH51,1,1,48,2,1,1,225,2,1,0,0,9,1,225,2,1,-162321.25578178206,-4790337.00818547,4198012.725471278,1.78942,2.97324,-0.14905,-118.971,21.6064,19.7122,-0.104617,-7.07748,6.42492,-0.102664,0.0158032,-0.0436311,4,0,41.40416257912235,-91.94073313907673,9019.622254152782,-78.5173092014915,-0.0708207402666018,-29.461255911192545,199.852,8951.965087688533,11182.851152867626,150,False,3.645705502300639,False,161.51330207510327,145.58842781823688,False,52.861283160335816,False,False
11,1970-07-23 11:41:40.010392796,2025-09-17,2025-09-26 17:26:41.039,AA,D,491469058,JASSM,3,105,76,2,2,1,225,9,2,0,1,26,0,0,0,0,-167486.89993460602,-4793277.030244674,4194928.444792271,-2.29541,0.0352816,-0.0793835,91.125,3.25,7.25,0.0,0.0,0.0,0.0,0.0,0.0,2,0,41.364796110076654,-92.00121749028202,10000.00052883565,83.93077528448669,-0.0045089641872855,0.0075111647779276,,8951.965087688533,11182.851152867626,150,11,2025-09-17,2025-09-26 17:26:40.958,AA,D,1590056770,AMBUSH51,1,1,48,2,1,1,225,2,1,0,0,9,1,225,2,1,-162404.45954293988,-4790322.180078038,4198025.13887225,1.72992,2.99273,-0.125657,-119.635,20.0633,16.6262,-0.0414581,-7.53259,6.80376,-0.0515395,0.0271778,-0.0376723,4,0,41.40431781281376,-91.94173317817015,9017.024598468552,-80.2543194652192,-0.1420433372251111,-32.71436651435036,200.219,8951.965087688533,11182.851152867626,150,False,3.577455384635273,False,163.1002302438637,144.56124991223763,False,52.32269256839229,False,False
11,1970-07-23 11:41:40.020407262,2025-09-17,2025-09-26 17:26:42.040,AA,D,492602104,JASSM,3,105,76,2,2,1,225,9,2,0,1,26,0,0,0,0,-167400.3202837271,-4793273.975557174,4194935.344206333,-2.29541,0.0352816,-0.0793835,91.125,3.25,7.25,0.0,0.0,0.0,0.0,0.0,0.0,2,0,41.36487884578696,-92.00018510734223,9999.999691366407,83.93145753616848,-0.0037297387936398,0.0075115196148887,,8951.965087688533,11182.851152867626,150,11,2025-09-17,2025-09-26 17:26:41.925,AA,D,1591210004,AMBUSH51,1,1,48,2,1,1,225,2,1,0,0,9,1,225,2,1,-162521.402056006,-4790303.736307593,4198038.573327501,1.68466,3.01623,-0.0845992,-120.651,17.5435,11.6331,-0.130741,-7.81793,6.89163,-0.0385961,0.0221323,-0.048558,4,0,41.40449463127902,-91.94313776549367,9010.568722668568,-82.9020144176074,-0.7083894451222489,-35.14634612610337,201.001,8951.965087688533,11182.851152867626,150,False,3.4998732126778767,False,165.64489082171633,143.30076580369953,False,51.054342173425475,False,False
11,1970-07-23 11:41:40.029471671,2025-09-17,2025-09-26 17:26:42.947,AA,D,493677810,JASSM,3,105,76,2,2,1,225,9,2,0,1,26,0,0,0,0,-167318.12194998687,-4793271.075166549,4194941.894011021,-2.29541,0.0352816,-0.0793835,91.125,3.25,7.25,0.0,0.0,0.0,0.0,0.0,0.0,2,0,41.36495738465487,-91.9992049652898,10000.000770780918,83.93210526542804,-0.002989945940848,0.0075118550059634,,8951.965087688533,11182.851152867626,150,11,2025-09-17,2025-09-26 17:26:42.925,AA,D,1592403002,AMBUSH51,1,1,48,2,1,1,225,2,1,0,0,9,1,225,2,1,-162642.2868789563,-4790287.581090136,4198047.383712817,1.64176,3.04726,-0.0427578,-121.308,14.2937,6.30609,-0.0799129,-8.47466,6.99068,-0.0267138,0.0274586,-0.0375433,4,0,41.40462580653495,-91.9445885319833,9000.044218869802,-85.87369503660221,-0.9718901465699076,-37.44751631552818,201.294,8951.965087688533,11182.851152867626,150,False,3.4225267762257476,False,168.4703405366928,142.0160182828693,False,49.49582463595858,False,False
11,1970-07-23 11:41:40.038349910,2025-09-17,2025-09-26 17:26:43.834,AA,D,494751570,JASSM,3,105,76,2,2,1,225,9,2,0,1,26,0,0,0,0,-167236.07232840484,-4793268.178682174,4194948.431120396,-2.29541,0.0352816,-0.0793835,91.125,3.25,7.25,0.0,0.0,0.0,0.0,0.0,0.0,2,0,41.36503577536568,-91.99822659470595,10000.000200645263,83.93275182501809,-0.0022514916999583,0.0075121920508049,,8951.965087688533,11182.851152867626,150,11,2025-09-17,2025-09-26 17:26:43.891,AA,D,1593556234,AMBUSH51,1,1,48,2,1,1,225,2,1,0,0,9,1,225,2,1,-162758.8059059542,-4790275.523048394,4198050.668703656,1.62614,3.07887,0.000330757,-121.551,10.7144,0.900968,-0.113194,-8.58971,7.23019,-0.0111697,0.0407037,-0.0516185,4,0,41.4046961721937,-91.94598548414776,8987.249801808963,-88.92431940179729,-1.2483101541232804,-38.24504705200948,201.514,8951.965087688533,11182.851152867626,150,False,3.3461455255536388,False,171.35577358163044,140.74617096460378,False,47.806741494466074,False,False
11,1970-07-23 11:41:40.048149642,2025-09-17,2025-09-26 17:26:44.814,AA,D,495883568,JASSM,3,105,76,2,2,1,225,9,2,0,1,26,0,0,0,0,-167149.57263358062,-4793265.123994674,4194955.322721958,-2.29541,0.0352816,-0.0793835,91.125,3.25,7.25,0.0,0.0,0.0,0.0,0.0,0.0,2,0,41.36511841489992,-91.99719515877656,10000.000519944086,83.9334334541179,-0.0014729860849113,0.0075125535471443,,8951.965087688533,11182.851152867626,150,11,2025-09-17,2025-09-26 17:26:44.958,AA,D,1594828766,AMBUSH51,1,1,48,2,1,1,225,2,1,0,0,9,1,225,2,1,-162888.10993543695,-4790266.318640887,4198047.921670895,1.59955,3.11795,0.0536138,-121.321,6.43256,-5.1708,-0.170595,-8.98622,7.40177,-0.0334279,0.0396842,-0.0460404,4,0,41.40470623866257,-91.94753402506409,8969.46113735311,-92.69658097832892,-1.5867567908392124,-39.735614441278905,201.624,8951.965087688533,11182.851152867626,150,False,3.2623394032315627,False,174.51078153350826,139.3455644614123,False,45.79915904598857,False,False
11,1970-07-23 11:41:40.056446892,2025-09-17,2025-09-26 17:26:45.644,AA,D,496957310,JASSM,3,105,76,2,2,1,225,9,2,0,1,26,0,0,0,0,-167067.52588065094,-4793262.226533736,4194961.857878208,-2.29541,0.0352816,-0.0793835,91.125,3.25,7.25,0.0,0.0,0.0,0.0,0.0,0.0,2,0,41.36519678054034,-91.99621681802424,10000.000712139372,83.93407999606616,-0.0007345585718671,0.007512885338221,,8951.965087688533,11182.851152867626,150,11,2025-09-17,2025-09-26 17:26:45.624,AA,D,1595624098,AMBUSH51,1,1,48,2,1,1,225,2,1,0,0,9,1,225,2,1,-162969.4600387051,-4790262.837286,4198042.971760465,1.58249,-3.13525,0.0865279,-120.895,3.50769,-9.41779,-0.1106,-9.38718,7.46824,-0.0264038,0.0459343,-0.0534411,4,0,41.40467707391022,-91.94850733419308,8956.963445008976,-95.2461194958532,-1.5477881590900044,-40.76408247273628,201.954,8951.965087688533,11182.851152867626,150,False,3.19795161759751,False,176.30569747518936,138.27561138658794,False,44.50368239085051,False,False
11,1970-07-23 11:41:40.066466636,2025-09-17,2025-09-26 17:26:46.646,AA,D,498151022,JASSM,3,105,76,2,2,1,225,9,2,0,1,26,0,0,0,0,-166976.30877860016,-4793259.002900924,4194969.123503208,-2.29541,0.0352816,-0.0792876,91.125,3.25,7.25,0.0,0.0,0.0,0.0,0.0,0.0,2,0,41.36528390937808,-91.995129126533,9999.999373974231,83.93891137320209,-0.0035552717340771,0.0075131437304184,,8951.965087688533,11182.851152867626,150,11,2025-09-17,2025-09-26 17:26:46.591,AA,D,1596777330,AMBUSH51,1,1,48,2,1,1,225,2,1,0,0,9,1,225,2,1,-163085.04620396727,-4790261.7154612,4198031.11239391,1.55929,-3.09087,0.135163,-119.959,-1.34449,-15.3747,-0.28009,-9.90351,8.27948,-0.0263102,0.0532455,-0.055528,4,0,41.40458028760194,-91.9498887037896,8938.1459486248,-99.0095997677162,-1.5017995542140528,-42.27451473075029,202.064,8951.965087688533,11182.851152867626,150,False,3.115983767849673,False,176.91107985605404,136.89326502122185,False,42.28542508659253,False,False
11,1970-07-23 11:41:40.077827495,2025-09-17,2025-09-26 17:26:47.782,AA,D,499402796,JASSM,3,105,76,2,2,1,225,9,2,0,1,26,0,0,0,0,-166880.65631277984,-4793255.623018111,4194976.740690708,-2.29541,0.0353774,-0.0792876,91.125,3.25,7.25,0.0,0.0,0.0,0.0,0.0,0.0,2,0,41.36537524915595,-91.99398854352847,10000.000080486923,83.93603488621807,-0.0067940273500904,0.0079489780668507,,8951.965087688533,11182.851152867626,150,11,2025-09-17,2025-09-26 17:26:47.858,AA,D,1598288462,AMBUSH51,1,1,48,2,1,1,225,2,1,0,0,9,1,225,2,1,-163235.63098686794,-4790267.939516989,4198006.421945374,1.53214,-3.01971,0.205312,-117.752,-8.90502,-23.401,-0.0984472,-10.7358,8.97078,-0.0276043,0.0640376,-0.0493694,4,0,41.404346071600216,-91.95168521034353,8912.493172545293,-104.68675109650908,-1.1910927827059972,-44.38827000809348,202.394,8951.965087688533,11182.851152867626,150,False,3.0159955257080133,False,172.9645980598099,135.22830261525894,False,38.65670621000277,False,False
11,1970-07-23 11:41:40.088948598,2025-09-17,2025-09-26 17:26:48.894,AA,D,500656636,JASSM,3,105,76,2,2,1,225,9,2,0,1,26,0,0,0,0,-166784.84607108062,-4793252.235322799,4194984.370573521,-2.29541,0.0353774,-0.0792876,91.125,3.25,7.25,0.0,0.0,0.0,0.0,0.0,0.0,2,0,41.36546674244664,-91.99284607689852,10000.00031092816,83.93678989557272,-0.0059317271347443,0.0079493870353092,,8951.965087688533,11182.851152867626,150,11,2025-09-17,2025-09-26 17:26:48.991,AA,D,1599640528,AMBUSH51,1,1,48,2,1,1,225,2,1,0,0,9,1,225,2,1,-163367.1446786134,-4790282.4696462285,4197974.906367471,1.53085,-2.94555,0.270793,-114.406,-16.6349,-31.4767,-0.262873,-11.4355,9.67885,0.00807375,0.0721706,-0.06286,4,0,41.40402020961155,-91.95325048263706,8890.871303604394,-110.24458883675126,-0.6905691853925348,-45.37365435177959,202.101,8951.965087688533,11182.851152867626,150,False,2.920627326113219,False,167.68282165833804,133.67774565002364,False,34.69677586467977,False,False
11,1970-07-23 11:41:40.098409847,2025-09-17,2025-09-26 17:26:49.840,AA,D,501908764,JASSM,3,105,76,2,2,1,225,9,2,0,1,26,0,0,0,0,-166689.16662772125,-4793248.851533736,4194991.987761021,-2.29541,0.0353774,-0.0792876,91.125,3.25,7.25,0.0,0.0,0.0,0.0,0.0,0.0,2,0,41.36555808838944,-91.99170516704716,9999.99857020127,83.93754387748963,-0.0050706055267597,0.0079497843652123,,8951.965087688533,11182.851152867626,150,11,2025-09-17,2025-09-26 17:26:49.891,AA,D,1600714226,AMBUSH51,1,1,48,2,1,1,225,2,1,0,0,9,1,225,2,1,-163469.29010362568,-4790300.844745558,4197943.730140289,1.6116,-2.87498,0.320902,-110.906,-23.6472,-36.8876,-0.00941759,-11.9988,10.3321,0.0903592,0.073496,-0.0493527,4,0,41.403679705668566,-91.95446331569084,8876.986608928924,-114.99210869199516,0.1278244076169363,-41.903273022985104,201.881,8951.965087688533,11182.851152867626,150,False,2.836216154749996,False,163.35456025572523,132.29624262007377,False,31.519885451518483,False,False
11,1970-07-23 11:41:40.108448549,2025-09-17,2025-09-26 17:26:50.844,AA,D,503103026,JASSM,3,105,76,2,2,1,225,9,2,0,1,26,0,0,0,0,-166597.90881522125,-4793245.623994674,4194999.253386021,-2.29541,0.0353774,-0.0792876,91.125,3.25,7.25,0.0,0.0,0.0,0.0,0.0,0.0,2,0,41.36564520620944,-91.99061697910255,10000.001991394078,83.9382630188737,-0.0042492785542107,0.0079501670604844,,8951.965087688533,11182.851152867626,150,11,2025-09-17,2025-09-26 17:26:50.859,AA,D,1601867458,AMBUSH51,1,1,48,2,1,1,225,2,1,0,0,9,1,225,2,1,-163573.6249941226,-4790327.368235234,4197905.965788338,1.77813,-2.7941,0.355119,-106.541,-31.5117,-41.172,-0.517654,-12.6448,10.7815,0.159017,0.0766606,-0.04288,4,0,41.40324579511948,-91.95569897074014,8869.037345630111,-119.47162156171083,1.8317610869082093,-33.976117641804684,200.891,8951.965087688533,11182.851152867626,150,False,2.749918907873507,False,158.87134306560682,130.91842033298,False,28.149789421618674,True,False
11,1970-07-23 11:41:40.118467173,2025-09-17,2025-09-26 17:26:51.846,AA,D,504354602,JASSM,3,105,76,2,2,1,225,9,2,0,1,26,0,0,0,0,-166502.27136404935,-4793242.239229049,4195006.865690708,-2.29541,0.0353774,-0.0792876,91.125,3.25,7.25,0.0,0.0,0.0,0.0,0.0,0.0,2,0,41.36573649420446,-91.98947656476908,10000.000102825836,83.93901667599945,-0.003388535221124,0.0079505684213701,,8951.965087688533,11182.851152867626,150,11,2025-09-17,2025-09-26 17:26:51.924,AA,D,1603139990,AMBUSH51,1,1,48,2,1,1,225,2,1,0,0,9,1,225,2,1,-163685.52647844402,-4790365.506577067,4197860.681030634,2.00419,-2.71835,0.365083,-101.831,-39.4133,-43.0038,-0.263654,-11.8751,10.1823,0.155607,0.0517205,-0.0199519,4,0,41.40269046960413,-91.95702026481295,8873.979245459284,-122.8246460896436,4.203416506878996,-22.73072187199343,199.449,8951.965087688533,11182.851152867626,150,False,2.6555953007755533,False,154.8788602580124,129.43202221183736,False,25.45156350458643,True,False
11,1970-07-23 11:41:40.132168039,2025-09-17,2025-09-26 17:26:53.216,AA,D,505548734,JASSM,3,105,76,2,2,1,225,9,2,0,1,26,0,0,0,0,-166411.0234392447,-4793239.009736861,4195014.128386021,-2.29541,0.0353774,-0.0792876,91.125,3.25,7.25,0.0,0.0,0.0,0.0,0.0,0.0,2,0,41.36582358072946,-91.98838848974069,10000.002033428873,83.93973574531535,-0.0025672980599648,0.0079509502921619,,8951.965087688533,11182.851152867626,150,11,2025-09-17,2025-09-26 17:26:53.391,AA,D,1604889722,AMBUSH51,1,1,48,2,1,1,225,2,1,0,0,9,1,225,2,1,-163831.11182805005,-4790428.699354017,4197798.01969018,2.18162,-2.65475,0.359417,-97.0943,-46.8401,-42.4619,-0.481367,-10.0073,9.08613,0.0934801,0.0436977,-0.0231185,4,0,41.40186192835051,-91.95873370571522,8905.680531722774,-125.16524507115705,6.713511643281954,-14.07876947739782,197.213,8951.965087688533,11182.851152867626,150,False,2.541405801120577,False,151.43214791965966,127.74002685816056,False,23.881561600956683,True,False
11,1970-07-23 11:41:40.139407683,2025-09-17,2025-09-26 17:26:53.940,AA,D,506799380,JASSM,3,105,76,2,2,1,225,9,2,0,1,26,0,0,0,0,-166315.4570329947,-4793235.625947799,4195021.732878208,-2.29541,0.0353774,-0.0792876,91.125,3.25,7.25,0.0,0.0,0.0,0.0,0.0,0.0,2,0,41.365914773412506,-91.98724891698645,10000.000921115576,83.94048884894676,-0.0017071952118945,0.0079513459192831,,8951.965087688533,11182.851152867626,150,11,2025-09-17,2025-09-26 17:26:53.791,AA,D,1605366922,AMBUSH51,1,1,48,2,1,1,225,2,1,0,0,9,1,225,2,1,-163870.3400777888,-4790447.887130454,4197780.6534618735,2.21633,-2.64051,0.359397,-96.0338,-48.3709,-42.0208,-0.304478,-9.68945,8.84926,0.0790512,0.0228044,-0.0179191,4,0,41.401622567157474,-91.9591945044436,8918.492620663641,-125.7479478296881,7.213436998079025,-12.44771259411944,196.272,8951.965087688533,11182.851152867626,150,False,2.487184783714327,False,150.74302036188914,126.56791523446265,False,24.48620085666493,True,False
11,1970-07-23 11:41:40.158307079,2025-09-17,2025-09-26 17:26:55.830,AA,D,507993400,JASSM,3,105,76,2,2,1,225,9,2,0,1,26,0,0,0,0,-166224.21765311187,-4793232.393525924,4195028.992643833,-2.29541,0.0353774,-0.0792876,91.125,3.25,7.25,0.0,0.0,0.0,0.0,0.0,0.0,2,0,41.36600183473765,-91.98616093925112,9999.99883764791,83.9412078565168,-0.0008860355564733,0.0079517317753076,,8951.965087688533,11182.851152867626,150,11,2025-09-17,2025-09-26 17:26:55.859,AA,D,1607832452,AMBUSH51,1,1,48,2,1,1,225,2,1,0,0,9,1,225,2,1,-164065.35901928725,-4790551.493253107,4197693.377205815,2.23961,-2.60746,0.362799,-91.8058,-52.3543,-41.4601,-0.0859323,-7.86595,7.3672,-0.0842693,0.00754736,-0.0141636,4,0,41.4003773531899,-91.9614818947488,9000.367550391662,-127.24283505707824,8.208284863019717,-11.983541233129667,192.312,8951.965087688533,11182.851152867626,150,False,2.3428673534061963,False,148.31509741250557,124.36724555955996,False,24.679879426523176,True,False
11,1970-07-23 11:41:40.171807048,2025-09-17,2025-09-26 17:26:57.180,AA,D,509187222,JASSM,3,105,76,2,2,1,225,9,2,0,1,26,0,0,0,0,-166132.9932878775,-4793229.162080611,4195036.250456333,-2.29541,0.0353774,-0.0792876,91.125,3.25,7.25,0.0,0.0,0.0,0.0,0.0,0.0,2,0,41.36608886368573,-91.98507313747336,10000.000509549203,83.94192674904833,-6.501172845580272e-05,0.0079521097919533,,8951.965087688533,11182.851152867626,150,11,2025-09-17,2025-09-26 17:26:57.259,AA,D,1609502650,AMBUSH51,1,1,48,2,1,1,225,2,1,0,0,9,1,225,2,1,-164191.35414402446,-4790624.791743825,4197633.717268521,2.12568,-2.59637,0.390016,-88.8049,-53.5107,-43.045,0.0050963,-6.37301,5.91836,-0.0448462,-0.00962171,-0.033869,4,0,41.399512898534056,-91.96295703929452,9061.82463072504,-128.7048489189555,7.381697905733807,-18.942909235448894,189.856,8951.965087688533,11182.851152867626,150,False,2.2391062689553487,False,146.65684536034595,122.46630142544466,False,24.8780370565666,True,False
11,1970-07-23 11:41:40.172025211,2025-09-17,2025-09-26 17:26:57.202,AA,D,510499444,JASSM,3,105,76,2,2,1,225,9,2,0,1,26,0,0,0,0,-166032.72155936187,-4793225.608369674,4195044.227018833,-2.29541,0.0354733,-0.0791918,91.125,3.25,7.25,0.0,0.0,0.0,0.0,0.0,0.0,2,0,41.366184515477975,-91.98387744811866,10000.000637706897,83.94319917421055,-0.0069039066745663,0.0083873257147556,,8951.965087688533,11182.851152867626,150,11,2025-09-17,2025-09-26 17:26:57.259,AA,D,1609502650,AMBUSH51,1,1,48,2,1,1,225,2,1,0,0,9,1,225,2,1,-164191.35414402446,-4790624.791743825,4197633.717268521,2.12568,-2.59637,0.390016,-88.8049,-53.5107,-43.045,0.0050963,-6.37301,5.91836,-0.0448462,-0.00962171,-0.033869,4,0,41.399512898534056,-91.96295703929452,9061.82463072504,-128.7048489189555,7.381697905733807,-18.942909235448894,189.856,8951.965087688533,11182.851152867626,150,False,2.2104899088445125,False,146.65684536034595,121.28113849066266,False,26.042262584170253,True,False
11,1970-07-23 11:41:40.188428882,2025-09-17,2025-09-26 17:26:58.842,AA,D,511810178,JASSM,3,105,76,2,2,1,225,9,2,0,1,26,0,0,0,0,-165932.5636003775,-4793222.056611861,4195052.193815708,-2.29551,0.0354733,-0.0791918,91.125,3.25,7.25,0.0,0.0,0.0,0.0,0.0,0.0,2,0,41.36628005386511,-91.9826831127713,9999.99929123685,83.94398847416464,-0.0060024801258198,0.0028962871738637,,8951.965087688533,11182.851152867626,150,11,2025-09-17,2025-09-26 17:26:58.859,AA,D,1611411448,AMBUSH51,1,1,48,2,1,1,225,2,1,0,0,9,1,225,2,1,-164331.36883207018,-4790708.220811635,4197560.219329454,2.07295,-2.59881,0.45311,-85.8292,-51.8973,-47.9584,0.0301253,-4.97213,4.57617,-0.0328848,-0.0212959,-0.0279268,4,0,41.39849188772318,-91.96459545905036,9119.37136076182,-130.90263948507243,4.500299540202031,-22.13462633568632,187.229,8951.965087688533,11182.851152867626,150,False,2.097321496334655,False,145.07223291120985,118.91203920308551,False,26.318798459141124,True,False
11,1970-07-23 11:41:40.201987637,2025-09-17,2025-09-26 17:27:00.198,AA,D,513062876,JASSM,3,105,76,2,2,1,225,9,2,0,1,26,0,0,0,0,-165836.84021170562,-4793218.662080611,4195059.807096958,-2.29551,0.0354733,-0.0791918,91.125,3.25,7.25,0.0,0.0,0.0,0.0,0.0,0.0,2,0,41.36637134554575,-91.98154165428318,10000.001089514468,83.94474283081215,-0.0051409654875616,0.0028966964292538,,8951.965087688533,11182.851152867626,150,11,2025-09-17,2025-09-26 17:27:00.191,AA,D,1613002114,AMBUSH51,1,1,48,2,1,1,225,2,1,0,0,9,1,225,2,1,-164444.5336318079,-4790775.430356657,4197492.418680945,1.98289,-2.6097,0.506278,-83.5863,-49.6463,-53.2064,0.0478456,-4.57875,4.34572,-0.136349,-0.0239653,-0.0259689,4,0,41.39761128010594,-91.96591973404628,9147.133720927906,-132.40172583293463,1.790755303550003,-27.088696223991747,186.544,8951.965087688533,11182.851152867626,150,False,2.002051064978218,False,143.64231888683517,116.6306132036837,False,27.01833348799672,True,False
11,1970-07-23 11:41:40.202366967,2025-09-17,2025-09-26 17:27:00.236,AA,D,514316942,JASSM,3,105,76,2,2,1,225,9,2,0,1,26,0,0,0,0,-165741.01233084625,-4793215.262666549,4195067.427214146,-2.29551,0.0354733,-0.0791918,91.125,3.25,7.25,0.0,0.0,0.0,0.0,0.0,0.0,2,0,41.366462722576365,-91.98039894706308,10000.001542813136,83.94549801408371,-0.0042785111044137,0.0028971031804579,,8951.965087688533,11182.851152867626,150,11,2025-09-17,2025-09-26 17:27:00.191,AA,D,1613002114,AMBUSH51,1,1,48,2,1,1,225,2,1,0,0,9,1,225,2,1,-164444.5336318079,-4790775.430356657,4197492.418680945,1.98289,-2.6097,0.506278,-83.5863,-49.6463,-53.2064,0.0478456,-4.57875,4.34572,-0.136349,-0.0239653,-0.0259689,4,0,41.39761128010594,-91.96591973404628,9147.133720927906,-132.40172583293463,1.790755303550003,-27.088696223991747,186.544,8951.965087688533,11182.851152867626,150,False,1.9793781614266899,False,143.64231888683517,115.29022386332078,False,28.358509077722704,True,False
11,1970-07-23 11:41:40.214262357,2025-09-17,2025-09-26 17:27:01.426,AA,D,515510734,JASSM,3,105,76,2,2,1,225,9,2,0,1,26,0,0,0,0,-165649.7901628775,-4793212.025361861,4195074.680143833,-2.29551,0.0354733,-0.0791918,91.125,3.25,7.25,0.0,0.0,0.0,0.0,0.0,0.0,2,0,41.36654969845013,-91.97931115858992,10000.00119877682,83.94621690436622,-0.0034575085842504,0.0028974915578604,,8951.965087688533,11182.851152867626,150,11,2025-09-17,2025-09-26 17:27:01.424,AA,D,1614473478,AMBUSH51,1,1,48,2,1,1,225,2,1,0,0,9,1,225,2,1,-164546.58347244456,-4790835.801067676,4197422.586961831,1.91146,-2.61188,0.554382,-81.0929,-47.9968,-58.7783,-0.199397,-4.94188,4.75733,-0.028474,-0.00258306,-0.0420124,4,0,41.39675989475029,-91.96711400358087,9152.740593074595,-134.06558875422667,-0.4087282506030874,-31.13798798792395,187.021,8951.965087688533,11182.851152867626,150,False,1.893996126726916,False,141.6934838512904,112.91117055801388,False,29.061886653126397,True,False
11,1970-07-23 11:41:40.222491064,2025-09-17,2025-09-26 17:27:02.249,AA,D,516762858,JASSM,3,105,76,2,2,1,225,9,2,0,1,26,0,0,0,0,-165554.1104753775,-4793208.628877486,4195082.286589146,-2.29551,0.0354733,-0.0791918,91.125,3.25,7.25,0.0,0.0,0.0,0.0,0.0,0.0,2,0,41.36664091314686,-91.97817021324552,10000.00108575618,83.94697092593947,-0.0025963885759933,0.0028978987498905,,8951.965087688533,11182.851152867626,150,11,2025-09-17,2025-09-26 17:27:02.225,AA,D,1615427878,AMBUSH51,1,1,48,2,1,1,225,2,1,0,0,9,1,225,2,1,-164610.1585959874,-4790873.585012369,4197374.443364495,1.87959,-2.59977,0.590744,-79.1595,-47.3527,-62.5326,0.0809258,-5.44381,5.2188,-0.0547332,0.00130973,-0.0490781,4,0,41.39619713088463,-91.9678579233985,9146.600871883318,-135.8342939604892,-1.6548374092439486,-33.308313346596655,188.096,8951.965087688533,11182.851152867626,150,False,1.8331617936974391,False,140.10513344971383,110.72278341324937,False,30.01095088590691,False,False
11,1970-07-23 11:41:40.232529474,2025-09-17,2025-09-26 17:27:03.252,AA,D,517955828,JASSM,3,105,76,2,2,1,225,9,2,0,1,26,0,0,0,0,-165462.95080740875,-4793205.391572799,4195089.532682896,-2.29551,0.0354733,-0.0791918,91.125,3.25,7.25,0.0,0.0,0.0,0.0,0.0,0.0,2,0,41.36672780895486,-91.9770831650449,10000.000048874512,83.94768932954372,-0.0017759492053122,0.0028982874266187,,8951.965087688533,11182.851152867626,150,11,2025-09-17,2025-09-26 17:27:03.258,AA,D,1616660644,AMBUSH51,1,1,48,2,1,1,225,2,1,0,0,9,1,225,2,1,-164691.2795315631,-4790923.233669749,4197306.775364041,1.84908,-2.58051,0.631892,-76.2661,-47.768,-66.9589,0.0893757,-6.37614,5.964,-0.0212439,0.00537522,-0.043113,4,0,41.39542838599285,-91.96880654627486,9128.774875321144,-138.01674895650496,-2.92761896359258,-35.602906498452164,189.477,8951.965087688533,11182.851152867626,150,False,1.7619034578362949,False,137.71433167299955,108.2544842294621,False,30.532577633022033,False,False
11,1970-07-23 11:41:40.243385178,2025-09-17,2025-09-26 17:27:04.338,AA,D,519147460,JASSM,3,105,76,2,2,1,225,9,2,0,1,26,0,0,0,0,-165371.8936785025,-4793202.157197799,4195096.769987583,-2.29551,0.0354733,-0.0791918,91.125,3.25,7.25,0.0,0.0,0.0,0.0,0.0,0.0,2,0,41.36681459668629,-91.97599733699369,10000.000169042018,83.94840692802173,-0.0009564329287465,0.0028986755692713,,8951.965087688533,11182.851152867626,150,11,2025-09-17,2025-09-26 17:27:04.491,AA,D,1618132008,AMBUSH51,1,1,48,2,1,1,225,2,1,0,0,9,1,225,2,1,-164782.04295359692,-4790982.4913656525,4197221.210384806,1.82504,-2.53967,0.687225,-71.9214,-49.0527,-72.7115,-0.176872,-7.14079,6.67511,-0.0692786,0.0224361,-0.0444446,4,0,41.39447967377197,-91.9698663799774,9096.581248299186,-141.42921481726492,-4.295469480010786,-38.199540688369154,191.543,8951.965087688533,11182.851152867626,150,False,1.6827063460575882,False,134.25486203615543,105.47703035842413,False,30.496951836359866,False,False
11,1970-07-23 11:41:40.252426182,2025-09-17,2025-09-26 17:27:05.242,AA,D,520341688,JASSM,3,105,76,2,2,1,225,9,2,0,1,26,0,0,0,0,-165280.63806326812,-4793198.915010299,4195104.021940708,-2.29551,0.0355692,-0.0791918,91.125,3.25,7.25,0.0,0.0,0.0,0.0,0.0,0.0,2,0,41.36690156023344,-91.97490913947352,10000.000272489711,83.9454957531378,-0.0042347415303622,0.0033337599325949,,8951.965087688533,11182.851152867626,150,11,2025-09-17,2025-09-26 17:27:05.291,AA,D,1619086408,AMBUSH51,1,1,48,2,1,1,225,2,1,0,0,9,1,225,2,1,-164838.05816746515,-4791022.297233041,4197161.575391784,1.81652,-2.50125,0.716196,-68.3916,-50.4806,-76.3599,0.012024,-7.69448,7.12453,-0.031986,0.0245375,-0.0521449,4,0,41.393828824471925,-91.97051911989531,9069.861328288824,-143.77599465632665,-4.6241697630005865,-39.92645211456421,193.51,8951.965087688533,11182.851152867626,150,False,1.627684516296561,False,131.6774051266658,103.00461941950738,False,30.77015018568191,False,False
11,1970-07-23 11:41:40.263391264,2025-09-17,2025-09-26 17:27:06.339,AA,D,521476072,JASSM,3,105,76,2,2,1,225,9,2,0,1,26,0,0,0,0,-165193.95520194,-4793195.833955611,4195110.910612583,-2.29551,0.0355692,-0.0791918,91.125,3.25,7.25,0.0,0.0,0.0,0.0,0.0,0.0,2,0,41.36698416521567,-91.9738754686206,10000.001321452908,83.94617888444898,-0.003454593793714,0.0033340856771611,,8951.965087688533,11182.851152867626,150,11,2025-09-17,2025-09-26 17:27:06.457,AA,D,1620478240,AMBUSH51,1,1,48,2,1,1,225,2,1,0,0,9,1,225,2,1,-164914.34856584566,-4791083.04165349,4197069.091263622,1.81937,-2.42812,0.768158,-62.1654,-53.1324,-81.5347,-0.183832,-8.76324,7.6913,-0.0513231,0.0344661,-0.0494755,4,0,41.39282749483149,-91.97140542132108,9025.10539609791,-148.026242383572,-5.306956327374826,-42.22910381505415,195.869,8951.965087688533,11182.851152867626,150,False,1.554583763996064,False,127.48831987749537,100.12561131028414,False,30.05029056222127,False,False
11,1970-07-23 11:41:40.273086294,2025-09-17,2025-09-26 17:27:07.308,AA,D,522667240,JASSM,3,105,76,2,2,1,225,9,2,0,1,26,0,0,0,0,-165102.93322928375,-4793192.597627486,4195118.142057896,-2.29551,0.0355692,-0.0790959,91.125,3.25,7.25,0.0,0.0,0.0,0.0,0.0,0.0,2,0,41.36707088751366,-91.97279005259534,9999.999581599895,83.95100869980813,-0.0062771646288091,0.0033341002372338,,8951.965087688533,11182.851152867626,150,11,2025-09-17,2025-09-26 17:27:07.291,AA,D,1621472404,AMBUSH51,1,1,48,2,1,1,225,2,1,0,0,9,1,225,2,1,-164963.73055277969,-4791128.333446592,4196999.531738499,1.83077,-2.35752,0.799485,-56.7025,-55.3828,-84.6675,-0.255507,-9.41533,8.01738,-0.0414423,0.0524258,-0.0584928,4,0,41.39207835367345,-91.97197664629304,8989.799099434726,-151.42086565761488,-5.294413702635913,-44.11837367169726,197.152,8951.965087688533,11182.851152867626,150,False,1.5008949545803354,False,124.18635844948834,97.42001467173034,False,29.775582334208913,True,False
11,1970-07-23 11:41:40.282383813,2025-09-17,2025-09-26 17:27:08.238,AA,D,523802290,JASSM,3,105,76,2,2,1,225,9,2,0,1,26,0,0,0,0,-165016.19958670562,-4793189.513643111,4195125.032682896,-2.29551,0.0355692,-0.0790959,91.125,3.25,7.25,0.0,0.0,0.0,0.0,0.0,0.0,2,0,41.36715351445842,-91.97175577128849,10000.001322552896,83.95169223683297,-0.0054965610312973,0.0033344748271388,,8951.965087688533,11182.851152867626,150,11,2025-09-17,2025-09-26 17:27:08.158,AA,D,1622506336,AMBUSH51,1,1,48,2,1,1,225,2,1,0,0,9,1,225,2,1,-165010.06604045912,-4791177.530455248,4196924.221731266,1.85581,-2.27412,0.836435,-50.1618,-57.7969,-87.9667,-0.189685,-10.0608,8.48356,-0.0383547,0.0497668,-0.055039,4,0,41.39126777793509,-91.97250986484408,8951.371320212118,-155.32360457070425,-5.531098914769275,-45.80458207538469,198.606,8951.965087688533,11182.851152867626,150,False,1.447254216383373,True,120.39777289440845,94.67956202486901,False,29.144934835248797,True,False
11,1970-07-23 11:41:40.291425163,2025-09-17,2025-09-26 17:27:09.142,AA,D,524994602,JASSM,3,105,76,2,2,1,225,9,2,0,1,26,0,0,0,0,-164925.09021170562,-4793186.272432174,4195132.269987583,-2.29551,0.0355692,-0.0790959,91.125,3.25,7.25,0.0,0.0,0.0,0.0,0.0,0.0,2,0,41.36724030323826,-91.97066930810485,10000.001241098833,83.95241026108751,-0.0046765759682589,0.0033348716105195,,8951.965087688533,11182.851152867626,150,11,2025-09-17,2025-09-26 17:27:09.057,AA,D,1623580036,AMBUSH51,1,1,48,2,1,1,225,2,1,0,0,9,1,225,2,1,-165050.96395440152,-4791230.310697995,4196844.212393276,1.90945,-2.15696,0.868328,-41.9954,-60.5563,-91.0674,-0.28195,-11.3291,9.87542,-0.0368567,0.0868534,-0.0617323,4,0,41.39040526971462,-91.97297664970176,8911.108333543756,-160.1169437355801,-5.270239611820907,-47.33646616749615,200.048,8951.965087688533,11182.851152867626,150,False,1.3937758891709742,True,115.91919441122293,91.75693068186503,False,28.047833388262454,True,False
11,1970-07-23 11:41:40.301487981,2025-09-17,2025-09-26 17:27:10.148,AA,D,526127996,JASSM,3,105,76,2,2,1,225,9,2,0,1,26,0,0,0,0,-164838.484498815,-4793183.190400924,4195139.148893833,-2.29551,0.0355692,-0.0790959,91.125,3.25,7.25,0.0,0.0,0.0,0.0,0.0,0.0,2,0,41.36732279420792,-91.9696365480449,10000.001184638928,83.95309279504987,-0.0038971240394092,0.0033352505571608,,8951.965087688533,11182.851152867626,150,11,2025-09-17,2025-09-26 17:27:10.258,AA,D,1625011634,AMBUSH51,1,1,48,2,1,1,225,2,1,0,0,9,1,225,2,1,-165092.94882587236,-4791305.811904192,4196733.236653138,2.08158,-1.96207,0.890073,-28.7614,-65.455,-93.5151,-0.135093,-13.032,11.2821,0.0735958,0.102932,-0.0521532,4,0,41.38919831514125,-91.9734470558299,8859.662757975326,-167.2675853308677,-4.093487487437309,-45.50239221822759,201.527,8951.965087688533,11182.851152867626,150,False,1.3236991805135683,True,109.03416878421731,88.60099174040447,False,24.772595652050775,True,False
11,1970-07-23 11:41:40.317863194,2025-09-17,2025-09-26 17:27:11.786,AA,D,527441406,JASSM,3,105,76,2,2,1,225,9,2,0,1,26,0,0,0,0,-164738.11999686187,-4793179.618135299,4195147.118620396,-2.29551,0.0355692,-0.0790959,91.125,3.25,7.25,0.0,0.0,0.0,0.0,0.0,0.0,2,0,41.36741836866763,-91.96843971348494,10000.000133072432,83.9538837645257,-0.0029938441799103,0.0033356797300434,,8951.965087688533,11182.851152867626,150,11,2025-09-17,2025-09-26 17:27:11.658,AA,D,1626681832,AMBUSH51,1,1,48,2,1,1,225,2,1,0,0,9,1,225,2,1,-165121.63219513954,-4791402.656640187,4196602.470198585,2.41385,-1.71623,0.854888,-12.5489,-72.7696,-91.7102,-0.240789,-14.8071,13.233,0.118843,0.111798,-0.03147,4,0,41.38773351329997,-91.9737497897288,8816.67571665636,-175.83146485901884,-0.5427919700543291,-36.93022847486353,201.857,8951.965087688533,11182.851152867626,150,False,1.2421398008380367,True,100.94516814554132,84.98475017210791,False,19.806742369608347,True,False
11,1970-07-23 11:41:40.325784945,2025-09-17,2025-09-26 17:27:12.578,AA,D,528694110,JASSM,3,105,76,2,2,1,225,9,2,0,1,26,0,0,0,0,-164642.3956316275,-4793176.208955611,4195154.720182896,-2.29551,0.0355692,-0.0790959,91.125,3.25,7.25,0.0,0.0,0.0,0.0,0.0,0.0,2,0,41.3675095271747,-91.9672982095804,9999.999539638437,83.95463816822762,-0.0021323246595061,0.003336103329677,,8951.965087688533,11182.851152867626,150,11,2025-09-17,2025-09-26 17:27:12.624,AA,D,1627835064,AMBUSH51,1,1,48,2,1,1,225,2,1,0,0,9,1,225,2,1,-165128.24165576315,-4791475.021701889,4196516.354544671,2.67528,-1.59942,0.806229,-2.72302,-78.0248,-87.5485,-0.465045,-13.9776,12.335,0.227568,0.076852,-0.0416462,4,0,41.3867203134776,-91.97379894524336,8808.461080094672,179.76867797131607,2.4192723443663784,-26.96866373448479,201.197,8951.965087688533,11182.851152867626,150,False,1.1892359171885485,True,96.07986261538116,81.87206094109803,False,16.86282340247808,True,False
11,1970-07-23 11:41:40.334385988,2025-09-17,2025-09-26 17:27:13.438,AA,D,530063786,JASSM,3,105,76,2,2,1,225,9,2,0,1,26,0,0,0,0,-164537.73303397125,-4793172.481416549,4195163.029753208,-2.29551,0.0355692,-0.0790959,91.125,3.25,7.25,0.0,0.0,0.0,0.0,0.0,0.0,2,0,41.367609172726425,-91.966050114474,10000.0003739941,83.95546301810671,-0.0011903623023328,0.0033365546079044,,8951.965087688533,11182.851152867626,150,11,2025-09-17,2025-09-26 17:27:13.558,AA,D,1628948530,AMBUSH51,1,1,48,2,1,1,225,2,1,0,0,9,1,225,2,1,-165127.19232140837,-4791549.970555432,4196436.010944976,2.85131,-1.54045,0.747899,3.78041,-82.2593,-82.3543,-0.296549,-13.4578,11.83,0.0779505,0.0676557,0.000406756,4,0,41.38573229382016,-91.97375556302482,8818.479825388707,177.265682423425,5.696357000947161,-19.430503191218985,198.863,8951.965087688533,11182.851152867626,150,False,1.1414021102532959,True,92.79750743179038,78.47091772578156,False,15.652355002290133,True,False
11,1970-07-23 11:41:40.355405151,2025-09-17,2025-09-26 17:27:15.540,AA,D,532630010,JASSM,3,105,76,2,2,1,225,9,2,0,1,26,0,0,0,0,-164341.63708670562,-4793165.493135299,4195178.595182896,-2.29551,0.0356651,-0.0790959,91.125,3.25,7.25,0.0,0.0,0.0,0.0,0.0,0.0,2,0,41.36779583531396,-91.96371167377418,9999.999112546966,83.95337806818193,-0.0035251158542083,0.0037715316244979,,8951.965087688533,11182.851152867626,150,11,2025-09-17,2025-09-26 17:27:15.490,AA,D,1631254994,AMBUSH51,1,1,48,2,1,1,225,2,1,0,0,9,1,225,2,1,-165110.21917406973,-4791712.870680483,4196285.520541889,2.95949,-1.47907,0.668633,12.0823,-86.3161,-72.5634,-0.304911,-10.4475,8.98067,-0.0277354,0.0269364,-0.0135894,4,0,41.38375084321191,-91.97348580415728,8891.379331474647,174.24521453745896,10.034008560634833,-15.935633221680057,193.046,8951.965087688533,11182.851152867626,150,False,1.0536265276314078,True,88.37383019065503,71.57290084269283,False,16.915875755461265,True,False
11,1970-07-23 11:41:40.355826349,2025-09-17,2025-09-26 17:27:15.582,AA,D,531317504,JASSM,3,105,76,2,2,1,225,9,2,0,1,26,0,0,0,0,-164441.93103201812,-4793169.068330611,4195170.635221958,-2.29551,0.0356651,-0.0790959,91.125,3.25,7.25,0.0,0.0,0.0,0.0,0.0,0.0,2,0,41.36770037296421,-91.96490767855092,10000.002006482238,83.95258764118313,-0.0044277594512289,0.0037711557547862,,8951.965087688533,11182.851152867626,150,11,2025-09-17,2025-09-26 17:27:15.490,AA,D,1631254994,AMBUSH51,1,1,48,2,1,1,225,2,1,0,0,9,1,225,2,1,-165110.21917406973,-4791712.870680483,4196285.520541889,2.95949,-1.47907,0.668633,12.0823,-86.3161,-72.5634,-0.304911,-10.4475,8.98067,-0.0277354,0.0269364,-0.0135894,4,0,41.38375084321191,-91.97348580415728,8891.379331474647,174.24521453745896,10.034008560634833,-15.935633221680057,193.046,8951.965087688533,11182.851152867626,150,False,1.037604795102809,True,88.37383019065503,74.37744631547305,False,14.135675456896607,True,False
11,1970-07-23 11:41:40.366422404,2025-09-17,2025-09-26 17:27:16.642,AA,D,533942964,JASSM,3,105,76,2,2,1,225,9,2,0,1,26,0,0,0,0,-164241.308717565,-4793161.915986861,4195186.558073521,-2.29551,0.0356651,-0.079,91.125,3.25,7.25,0.0,0.0,0.0,0.0,0.0,0.0,2,0,41.36789132364184,-91.96251525529252,10000.000065630986,83.95828122783189,-0.0062639630176501,0.0037715943133307,,8951.965087688533,11182.851152867626,150,11,2025-09-17,2025-09-26 17:27:16.758,AA,D,1632766126,AMBUSH51,1,1,48,2,1,1,225,2,1,0,0,9,1,225,2,1,-165092.39048188497,-4791820.80927461,4196195.526958529,2.92177,-1.44377,0.662659,15.9884,-85.8116,-68.8787,0.134224,-7.93967,6.55697,-0.0882557,-0.00330711,-0.0184559,4,0,41.382504931563936,-91.97322846055314,8960.225609372177,172.6012781308655,10.20170607198469,-19.63482032113502,188.145,8951.965087688533,11182.851152867626,150,False,1.0007599779409286,True,86.17386642225013,67.49554996834263,False,18.70087846797895,True,False
11,1970-07-23 11:41:40.377483748,2025-09-17,2025-09-26 17:27:17.748,AA,D,535253990,JASSM,3,105,76,2,2,1,225,9,2,0,1,26,0,0,0,0,-164141.12756522125,-4793158.342744674,4195194.507292271,-2.29551,0.0356651,-0.079,91.125,3.25,7.25,0.0,0.0,0.0,0.0,0.0,0.0,2,0,41.36798665399978,-91.96132058943388,9999.998599344824,83.95907077292216,-0.0053623352247367,0.0037720346461638,,8951.965087688533,11182.851152867626,150,11,2025-09-17,2025-09-26 17:27:17.857,AA,D,1634078424,AMBUSH51,1,1,48,2,1,1,225,2,1,0,0,9,1,225,2,1,-165072.8537778328,-4791913.449599951,4196118.541206888,2.82814,-1.39742,0.683174,19.3149,-83.2803,-68.2309,-0.0428155,-6.30331,4.99112,-0.127564,-0.0205323,-0.0299033,4,0,41.38143818589438,-91.97295702414108,9019.511943127463,170.68278003386885,8.749045153901795,-26.970673483859866,184.394,8951.965087688533,11182.851152867626,150,False,0.9622614849235369,True,84.29408043969455,63.370488344105,False,20.9891209312616,True,False
11,1970-07-23 11:41:40.388506671,2025-09-17,2025-09-26 17:27:18.850,AA,D,536507744,JASSM,3,105,76,2,2,1,225,9,2,0,1,26,0,0,0,0,-164045.32287772125,-4793154.924775924,4195202.108854771,-2.29551,0.0356651,-0.079,91.125,3.25,7.25,0.0,0.0,0.0,0.0,0.0,0.0,2,0,41.36807781046881,-91.96017811023908,9999.99917545402,83.95982582966627,-0.0045000955298597,0.0037724579817724,,8951.965087688533,11182.851152867626,150,11,2025-09-17,2025-09-26 17:27:18.957,AA,D,1635390724,AMBUSH51,1,1,48,2,1,1,225,2,1,0,0,9,1,225,2,1,-165049.29068997572,-4792001.593136682,4196041.682209317,2.74854,-1.34832,0.71723,23.0085,-79.0773,-69.4954,0.106244,-5.10362,4.05608,-0.0673873,-0.0096654,-0.0497106,4,0,41.38039986418136,-91.97263936323786,9067.676143549004,168.88916560173752,6.454083158499339,-33.582179633193135,181.546,8951.965087688533,11182.851152867626,150,False,0.9281425916900861,True,82.21130045696427,59.22175040191004,False,23.299971949987672,True,False
11,1970-07-23 11:41:40.399384388,2025-09-17,2025-09-26 17:27:19.938,AA,D,537819926,JASSM,3,105,76,2,2,1,225,9,2,0,1,26,0,0,0,0,-163945.05310233062,-4793151.346650924,4195210.063932896,-2.29551,0.0356651,-0.079,91.125,3.25,7.25,0.0,0.0,0.0,0.0,0.0,0.0,2,0,41.36817320318105,-91.95898238141972,10000.001096025782,83.9606160801934,-0.0035976704428959,0.0037729009689718,,8951.965087688533,11182.851152867626,150,11,2025-09-17,2025-09-26 17:27:19.957,AA,D,1636583722,AMBUSH51,1,1,48,2,1,1,225,2,1,0,0,9,1,225,2,1,-165024.84120892393,-4792077.378150708,4195971.188528619,2.74084,-1.29408,0.755765,26.3003,-74.5232,-71.5753,0.118323,-4.85403,3.59299,-0.0174489,-0.00689197,-0.0532435,4,0,41.37947819703642,-91.97231621092033,9099.171540674351,167.0976279278782,3.8112792956843946,-36.27183819469127,179.64,8951.965087688533,11182.851152867626,150,False,0.905856794932798,True,80.34625476716431,54.97199914879879,False,26.176781457219324,True,False
11,1970-07-23 11:41:40.410402148,2025-09-17,2025-09-26 17:27:21.040,AA,D,539132124,JASSM,3,105,76,2,2,1,225,9,2,0,1,26,0,0,0,0,-163844.78259451812,-4793147.766572799,4195218.017057896,-2.29551,0.0356651,-0.079,91.125,3.25,7.25,0.0,0.0,0.0,0.0,0.0,0.0,2,0,41.36826858203515,-91.95778664116028,9999.999114798884,83.9614063397823,-0.0026952395904793,0.0037733418568461,,8951.965087688533,11182.851152867626,150,11,2025-09-17,2025-09-26 17:27:21.025,AA,D,1637856254,AMBUSH51,1,1,48,2,1,1,225,2,1,0,0,9,1,225,2,1,-164994.59181167596,-4792154.567780763,4195892.937697692,2.75875,-1.22453,0.780499,30.3214,-69.797,-73.6729,0.0926875,-5.49583,4.20969,-0.0205844,-0.00720406,-0.043835,4,0,41.3784969809183,-91.9719232285165,9116.814032895512,164.68481022428222,1.712506107771086,-38.13139161095263,178.479,8951.965087688533,11182.851152867626,150,False,0.8842114766680064,True,78.0741679611147,50.53670707286175,False,29.070362435936218,True,False
11,1970-07-23 11:41:40.420402727,2025-09-17,2025-09-26 17:27:22.040,AA,D,540385418,JASSM,3,105,76,2,2,1,225,9,2,0,1,26,0,0,0,0,-163749.0128191275,-4793144.346650924,4195225.612761021,-2.29551,0.0356651,-0.079,91.125,3.25,7.25,0.0,0.0,0.0,0.0,0.0,0.0,2,0,41.36835966836149,-91.9566445697428,9999.999801554584,83.9621611312658,-0.0018333153158038,0.0037737631670279,,8951.965087688533,11182.851152867626,150,11,2025-09-17,2025-09-26 17:27:22.224,AA,D,1639287852,AMBUSH51,1,1,48,2,1,1,225,2,1,0,0,9,1,225,2,1,-164955.37268063825,-4792234.999253767,4195804.1295571085,2.78975,-1.14206,0.80245,35.2678,-65.3069,-75.2283,-0.08036,-5.89484,4.60764,-0.0122849,0.00972782,-0.0513522,4,0,41.377427027744616,-91.97142181106564,9118.78419808293,161.91134281624167,-0.5029427866430642,-39.7471570413343,178.1,8951.965087688533,11182.851152867626,150,False,0.8594973888640032,True,75.28063486047829,46.00490408898403,False,31.69855051363965,False,False
11,1970-07-23 11:41:40.432200936,2025-09-17,2025-09-26 17:27:23.220,AA,D,541697290,JASSM,3,105,76,2,2,1,225,9,2,0,1,26,0,0,0,0,-163648.76696951812,-4793140.765596236,4195233.562956333,-2.29551,0.0357609,-0.079,91.125,3.25,7.25,0.0,0.0,0.0,0.0,0.0,0.0,2,0,41.36845500393489,-91.95544911746808,10000.001305011152,83.95932074516666,-0.0050307240866341,0.0042079072326928,,8951.965087688533,11182.851152867626,150,11,2025-09-17,2025-09-26 17:27:23.391,AA,D,1640679684,AMBUSH51,1,1,48,2,1,1,225,2,1,0,0,9,1,225,2,1,-164910.45423994074,-4792309.006146732,4195715.105235567,2.82591,-1.04676,0.813626,41.1078,-60.7904,-76.4897,-0.114249,-6.638,5.60049,-0.0324292,0.0117335,-0.0516248,4,0,41.37639497633863,-91.97085499119768,9104.003934412269,158.63632445684436,-2.481132876704805,-41.53879461989016,178.442,8951.965087688533,11182.851152867626,150,False,0.8415342142637523,True,72.01470639036623,41.42820907819944,False,34.07175853230423,False,False
11,1970-07-23 11:41:40.442461257,2025-09-17,2025-09-26 17:27:24.246,AA,D,543010304,JASSM,3,105,76,2,2,1,225,9,2,0,1,26,0,0,0,0,-163548.43347342435,-4793137.179658736,4195241.518034458,-2.29551,0.0357609,-0.079,91.125,3.25,7.25,0.0,0.0,0.0,0.0,0.0,0.0,2,0,41.36855040687077,-91.95425261721071,9999.999219765175,83.96011151144498,-0.00412772736328,0.0042082920620623,,8951.965087688533,11182.851152867626,150,11,2025-09-17,2025-09-26 17:27:24.190,AA,D,1641634084,AMBUSH51,1,1,48,2,1,1,225,2,1,0,0,9,1,225,2,1,-164875.76395461886,-4792356.726425444,4195653.991061446,2.85288,-0.981897,0.814525,45.4993,-57.9722,-76.8303,-0.11845,-6.89434,5.78668,-0.0134396,0.0104872,-0.0640917,4,0,41.37570561027128,-91.97042112695551,9085.9462387254,156.3380658360422,-3.5950207813348127,-42.57402664332681,178.894,8951.965087688533,11182.851152867626,150,False,0.8451953467741766,True,69.56050467073575,37.66304608856549,False,35.98092563327989,False,False
11,1970-07-23 11:41:40.460190823,2025-09-17,2025-09-26 17:27:26.019,AA,D,544320926,JASSM,3,105,76,2,2,1,225,9,2,0,1,26,0,0,0,0,-163448.28308279935,-4793133.599580611,4195249.458464146,-2.29551,0.0357609,-0.079,91.125,3.25,7.25,0.0,0.0,0.0,0.0,0.0,0.0,2,0,41.36864562648024,-91.95305829732156,10000.000363030891,83.96090083821615,-0.0032263784681414,0.004208679334796,,8951.965087688533,11182.851152867626,150,11,2025-09-17,2025-09-26 17:27:25.990,AA,D,1643781482,AMBUSH51,1,1,48,2,1,1,225,2,1,0,0,9,1,225,2,1,-164784.49131945442,-4792456.321141202,4195516.790614317,2.93767,-0.811432,0.784382,54.8574,-54.7209,-74.5635,-0.203136,-8.19035,6.91059,-0.0177548,0.0442199,-0.058807,4,0,41.37420552868317,-91.96929029833164,9025.743275990311,149.54045503109677,-5.420414101859294,-44.19243577023929,181.094,8951.965087688533,11182.851152867626,150,False,0.8034305702281727,True,64.20354468164928,32.32428335666874,False,37.22611957268928,False,False
11,1970-07-23 11:41:40.464463015,2025-09-17,2025-09-26 17:27:26.446,AA,D,545633044,JASSM,3,105,76,2,2,1,225,9,2,0,1,26,0,0,0,0,-163348.01843436187,-4793130.013643111,4195257.406706333,-2.29551,0.0357609,-0.079,91.125,3.25,7.25,0.0,0.0,0.0,0.0,0.0,0.0,2,0,41.36874094443764,-91.95186261211208,9999.99963450623,83.96169106882643,-0.0023240015879233,0.0042090691803259,,8951.965087688533,11182.851152867626,150,11,2025-09-17,2025-09-26 17:27:26.523,AA,D,1644417748,AMBUSH51,1,1,48,2,1,1,225,2,1,0,0,9,1,225,2,1,-164753.23527761688,-4792482.894779212,4195476.998708306,2.95496,-0.762518,0.7683,60.2508,-49.9114,-75.1559,-0.202651,-8.53631,7.26449,-0.0169121,0.043654,-0.0450522,4,0,41.37378518086594,-91.96890615195156,9002.193892205381,147.3538504066223,-5.750936370373373,-44.953130203809415,181.668,8951.965087688533,11182.851152867626,150,False,0.8249644465264073,True,61.18301665153644,29.5358126836381,True,38.06373334808785,False,False
11,1970-07-23 11:41:40.475385265,2025-09-17,2025-09-26 17:27:27.538,AA,D,546887136,JASSM,3,105,76,2,2,1,225,9,2,0,1,26,0,0,0,0,-163252.18737967435,-4793126.585908736,4195265.002409458,-2.29551,0.0357609,-0.0789041,91.125,3.25,7.25,0.0,0.0,0.0,0.0,0.0,0.0,2,0,41.36883203081425,-91.95071979568856,10000.000571096552,83.96655878967546,-0.0051033598335589,0.0042092010726971,,8951.965087688533,11182.851152867626,150,11,2025-09-17,2025-09-26 17:27:27.623,AA,D,1645730046,AMBUSH51,1,1,48,2,1,1,225,2,1,0,0,9,1,225,2,1,-164682.0939207988,-4792536.302961605,4195395.302550169,3.01473,-0.66135,0.725533,68.056,-46.2741,-72.7035,-0.05237,-9.45697,8.03895,-0.00405612,0.0624522,-0.0551139,4,0,41.37293042354343,-91.9680347212791,8950.431824759908,142.44776802458458,-6.267370817209564,-44.95527852772621,183.428,8951.965087688533,11182.851152867626,150,False,0.8175202195478976,True,56.635828624138135,26.177497469279654,True,38.1281231272003,False,False
11,1970-07-23 11:41:40.486386566,2025-09-17,2025-09-26 17:27:28.638,AA,D,548199606,JASSM,3,105,76,2,2,1,225,9,2,0,1,26,0,0,0,0,-163151.89538748687,-4793122.997041549,4195272.950651646,-2.29551,0.0357609,-0.0789041,91.125,3.25,7.25,0.0,0.0,0.0,0.0,0.0,0.0,2,0,41.36892734742009,-91.94952377836331,10000.000513811656,83.96734924268402,-0.0042007378324303,0.0042096527597903,,8951.965087688533,11182.851152867626,150,11,2025-09-17,2025-09-26 17:27:28.564,AA,D,1646843512,AMBUSH51,1,1,48,2,1,1,225,2,1,0,0,9,1,225,2,1,-164615.44805902152,-4792577.86884661,4195329.618864099,3.05471,-0.581627,0.664997,75.3121,-43.1967,-68.925,-0.212582,-10.8668,9.53582,-0.00946567,0.0757243,-0.0541631,4,0,41.37225329070904,-91.96722184688544,8904.640397776038,137.51468749109307,-5.770576209631931,-45.07513101305156,184.834,8951.965087688533,11182.851152867626,150,False,0.8215176000055748,True,52.14327722795448,23.41027879470271,True,37.37260180964079,False,False
11,1970-07-23 11:41:40.501004002,2025-09-17,2025-09-26 17:27:30.100,AA,D,549571230,JASSM,3,105,76,2,2,1,225,9,2,0,1,26,0,0,0,0,-163047.08337576812,-4793119.245088424,4195281.255339146,-2.29551,0.0357609,-0.0789041,91.125,3.25,7.25,0.0,0.0,0.0,0.0,0.0,0.0,2,0,41.369026942537,-91.94827385502776,9999.998875282754,83.96817532401069,-0.0032574367646682,0.0042101208281504,,8951.965087688533,11182.851152867626,150,11,2025-09-17,2025-09-26 17:27:30.157,AA,D,1648752310,AMBUSH51,1,1,48,2,1,1,225,2,1,0,0,9,1,225,2,1,-164484.52250669806,-4792642.208051827,4195227.593923205,3.10931,-0.462192,0.540195,88.5006,-37.3379,-59.0831,-0.266523,-12.1129,10.8643,-0.00877075,0.080106,-0.059169,4,0,41.37120842329624,-91.96563209350025,8830.658043426545,128.52186415331371,-4.178651996597647,-45.05436097547964,187.351,8951.965087688533,11182.851152867626,150,False,0.7924922263362358,True,43.23706110877343,20.52118383197824,True,33.89724617647906,False,False
11,1970-07-23 11:41:40.510637057,2025-09-17,2025-09-26 17:27:31.063,AA,D,550943136,JASSM,3,105,76,2,2,1,225,9,2,0,1,26,0,0,0,0,-162942.24987967435,-4793115.492158736,4195289.561003208,-2.29551,0.0357609,-0.0789041,91.125,3.25,7.25,0.0,0.0,0.0,0.0,0.0,0.0,2,0,41.36912654081909,-91.94702367175388,10000.000836715992,83.96900157877079,-0.0023139428037022,0.0042105852995874,,8951.965087688533,11182.851152867626,150,11,2025-09-17,2025-09-26 17:27:31.056,AA,D,1649826008,AMBUSH51,1,1,48,2,1,1,225,2,1,0,0,9,1,225,2,1,-164401.9048468367,-4792674.740779761,4195177.92934405,3.13176,-0.400755,0.463557,95.2435,-33.8286,-51.8836,-0.255806,-12.609,11.1923,-0.0121892,0.0841777,-0.0530479,4,0,41.3706964222911,-91.96463223966678,8796.041100141118,123.24431754743516,-3.15288927550896,-45.12530395233409,188.463,8951.965087688533,11182.851152867626,150,False,0.7984546552516276,True,37.965523213949545,18.792797609326392,True,31.4725756774294,False,False
11,1970-07-23 11:41:40.521806782,2025-09-17,2025-09-26 17:27:32.180,AA,D,552254452,JASSM,3,105,76,2,2,1,225,9,2,0,1,26,0,0,0,0,-162842.04577811187,-4793111.902314986,4195297.499479771,-2.29551,0.0358568,-0.0789041,91.125,3.25,7.25,0.0,0.0,0.0,0.0,0.0,0.0,2,0,41.36922174110426,-91.94582869345336,10000.000628702275,83.96616083264261,-0.0055117335288519,0.0046442464862854,,8951.965087688533,11182.851152867626,150,11,2025-09-17,2025-09-26 17:27:32.191,AA,D,1651178074,AMBUSH51,1,1,48,2,1,1,225,2,1,0,0,9,1,225,2,1,-164288.38280577233,-4792710.744165856,4195125.334304226,-3.13353,-0.329477,0.345895,103.173,-28.3637,-40.6628,-0.318524,-13.5267,12.4147,0.00288683,0.103253,-0.0515166,4,0,41.37015028312739,-91.96326195611738,8761.00824751589,115.81139733316228,-1.0698134885501407,-45.43739744722718,189.294,8951.965087688533,11182.851152867626,150,False,0.7869590221312346,True,30.574405279910543,17.574803370073944,True,27.351773365180488,True,True
11,1970-07-23 11:41:40.531383744,2025-09-17,2025-09-26 17:27:33.138,AA,D,553566808,JASSM,3,105,76,2,2,1,225,9,2,0,1,26,0,0,0,0,-162741.76257498687,-4793108.309541549,4195305.442839146,-2.29551,0.0358568,-0.0789041,91.125,3.25,7.25,0.0,0.0,0.0,0.0,0.0,0.0,2,0,41.36931699533948,-91.94463276838296,10000.002384220945,83.96695123078574,-0.0046091922771557,0.0046446377207007,,8951.965087688533,11182.851152867626,150,11,2025-09-17,2025-09-26 17:27:33.124,AA,D,1652291540,AMBUSH51,1,1,48,2,1,1,225,2,1,0,0,9,1,225,2,1,-164189.4165363069,-4792734.476486076,4195092.642576514,-3.12028,-0.272185,0.251308,108.15,-23.8747,-30.2938,-0.348318,-13.5017,12.4146,-0.00596611,0.102256,-0.0637983,4,0,41.36980854643013,-91.96207051626078,8740.173120042773,109.72533321146716,0.3998005676745914,-45.60955841518677,189.367,8951.965087688533,11182.851152867626,150,False,0.7857389928825019,True,24.490229627189375,16.798373862926955,True,23.484323525869154,True,True
11,1970-07-23 11:41:40.542402797,2025-09-17,2025-09-26 17:27:34.240,AA,D,554819644,JASSM,3,105,76,2,2,1,225,9,2,0,1,26,0,0,0,0,-162646.02722342435,-4793104.877900924,4195313.023893833,-2.29551,0.0358568,-0.0789041,91.125,3.25,7.25,0.0,0.0,0.0,0.0,0.0,0.0,2,0,41.36940791489032,-91.94349107608838,9999.999990834904,83.96770578737454,-0.0037475822512594,0.004645007944311,,8951.965087688533,11182.851152867626,150,11,2025-09-17,2025-09-26 17:27:34.258,AA,D,1653643604,AMBUSH51,1,1,48,2,1,1,225,2,1,0,0,9,1,225,2,1,-164064.88642497896,-4792757.195119712,4195066.083644548,-3.10756,-0.210137,0.132156,112.531,-17.1075,-17.1041,-0.481698,-13.8294,12.815,0.00562489,0.108477,-0.0696947,4,0,41.36951944906738,-91.96057425164769,8727.993962563813,102.34206672298482,2.470506119550195,-45.74481075189495,188.854,8951.965087688533,11182.851152867626,150,False,0.7692476651175469,True,16.88091841433694,16.477437391145184,True,18.844403303892317,True,True
11,1970-07-23 11:41:40.556267168,2025-09-17,2025-09-26 17:27:35.626,AA,D,556073088,JASSM,3,105,76,2,2,1,225,9,2,0,1,26,0,0,0,0,-162550.24597342435,-4793101.443330611,4195320.608854771,-2.29551,0.0358568,-0.0789041,91.125,3.25,7.25,0.0,0.0,0.0,0.0,0.0,0.0,2,0,41.3694988761651,-91.94234883377088,9999.999769181346,83.96846070884493,-0.0028855585500295,0.0046453877613219,,8951.965087688533,11182.851152867626,150,11,2025-09-17,2025-09-26 17:27:35.723,AA,D,1655393336,AMBUSH51,1,1,48,2,1,1,225,2,1,0,0,9,1,225,2,1,-163897.13177236254,-4792775.575786684,4195053.7047069855,-3.05907,-0.129782,-0.0113292,114.739,-8.127,-0.212954,0.147299,-13.2254,11.785,0.18935,0.0910312,-0.0587612,4,0,41.369360686747214,-91.95856364137865,8732.258159326293,93.13862210069804,4.537830754204008,-43.80882465450937,186.838,8951.965087688533,11182.851152867626,150,False,0.7301638766192967,True,7.661872460926542,16.74541238578263,True,14.535283199352348,True,True
11,1970-07-23 11:41:40.563184626,2025-09-17,2025-09-26 17:27:36.318,AA,D,557384550,JASSM,3,105,76,2,2,1,225,9,2,0,1,26,0,0,0,0,-162450.03064139312,-4793097.848604049,4195328.543425083,-2.29551,0.0358568,-0.0789041,91.125,3.25,7.25,0.0,0.0,0.0,0.0,0.0,0.0,2,0,41.3695940328077,-91.9411537097306,9999.998458595332,83.969250581935,-0.0019836291856611,0.0046457817306653,,8951.965087688533,11182.851152867626,150,11,2025-09-17,2025-09-26 17:27:36.423,AA,D,1656228434,AMBUSH51,1,1,48,2,1,1,225,2,1,0,0,9,1,225,2,1,-163817.12504871053,-4792780.162227098,4195056.105996508,-2.85144,-0.0968847,-0.0802606,114.364,-5.48325,7.3346,-0.738737,-12.5872,11.6989,0.352138,0.0977619,-0.058678,4,0,41.36936590112624,-91.95760643668494,8742.02011533162,88.91289371307833,5.731886112028062,-32.20470117809508,185.481,8951.965087688533,11182.851152867626,150,False,0.740955136712974,True,4.85577282600601,16.302505560863256,True,12.59147180470828,True,True
11,1970-07-23 11:41:40.572244094,2025-09-17,2025-09-26 17:27:37.224,AA,D,557384550,JASSM,3,105,76,2,2,1,225,9,2,0,1,26,0,0,0,0,-162450.03064139312,-4793097.848604049,4195328.543425083,-2.29551,0.0358568,-0.0789041,91.125,3.25,7.25,0.0,0.0,0.0,0.0,0.0,0.0,2,10485784,41.3695940328077,-91.9411537097306,9999.998458595332,83.969250581935,-0.0019836291856611,0.0046457817306653,,8951.965087688533,11182.851152867626,150,11,2025-09-17,2025-09-26 17:27:37.290,AA,D,1657262368,AMBUSH51,1,1,48,2,1,1,225,2,1,0,0,9,1,225,2,1,-163718.43220282166,-4792783.638260376,4195065.588391118,-2.6616,-0.104631,-0.157547,112.602,-4.51243,15.5695,-0.564596,-12.7141,11.9148,0.165044,0.0747339,0.0137954,4,0,41.36942933224467,-91.95642656109264,8762.83645881613,85.83302501750806,8.968556747874443,-21.77489583804781,182.121,8951.965087688533,11182.851152867626,150,False,0.6877725909201776,True,5.4416181448203655,17.2055976437244,True,11.978763056220975,True,True
